Predicted,Actual
99.4,100.0
405.6508333333333,440.0
67.97666666666666,20.0
195.34929580859455,230.0
30.25,30.0
116.87148809523809,100.0
34.99333333333333,30.0
95.6279761904762,115.0
67.37849999999999,20.0
74.91276262626262,41.0
114.72144110546321,230.0
60.0,60.0
137.95,155.0
119.39,1.0
59.26333333333333,20.0
60.0,60.0
60.0,60.0
139.08,138.0
17.7,15.0
27.25988095238095,10.0
233.33824825174824,60.0
135.35735002849742,241.0
169.2635,211.0
445.91933333333344,514.0
102.76907112332114,140.0
30.01,30.0
104.29,100.0
22.28,20.0
60.0,60.0
110.09072005772008,130.0
170.7508613244062,90.0
176.63667612034178,192.0
17.312380952380956,40.0
99.52,100.0
88.634,75.0
52.15,27.0
144.46935787092082,100.0
173.13,99.0
60.0,60.0
60.0,60.0
90.64339285714284,121.0
47.348,71.0
457.9655,462.0
99.31666666666668,100.0
404.9,425.0
123.01425177600177,66.0
27.997063492063486,10.0
156.47786903907473,20.0
100.0,100.0
117.91164551413857,75.0
584.793,638.0
27.45333333333333,30.0
41.895,15.0
105.97052267189923,75.0
445.4501785714285,442.0
185.99909869590024,130.0
77.1,75.0
23.0275,20.0
155.53998077512958,100.0
126.76066883116887,62.0
291.2208771506272,75.0
51.8,60.0
61.78579761904761,94.0
1.0,1.0
418.8621746031746,425.0
7.24,1.0
98.49293968939557,26.0
155.0,155.0
531.18,529.0
65.85,65.0
49.075,60.0
534.8,601.0
159.54443369874016,60.0
120.8545,158.0
222.0,222.0
109.13047619047619,25.0
150.0518847389499,230.0
101.69091227270056,75.0
51.306000000000004,28.0
60.0,60.0
149.4402115485994,1.0
427.6320396825395,425.0
112.08417340143295,25.0
135.62448935786438,140.0
430.6003214285713,329.0
230.0,230.0
113.0537539266266,75.0
111.10257016308769,75.0
468.91,480.0
103.78,100.0
60.13,60.0
138.85999281274286,100.0
458.61333333333334,462.0
64.91,60.0
148.74680854083886,100.0
100.0,100.0
60.0,60.0
109.17872061740047,75.0
152.2235878525414,372.0
55.63171212121213,298.0
60.0,60.0
37.285000000000004,15.0
125.13378503441007,75.0
154.2,155.0
169.8379248848865,230.0
60.0,60.0
60.0,60.0
73.0,73.0
66.48,65.0
192.28471031512785,90.0
144.71687157287158,181.0
76.45,75.0
122.71970824428408,110.0
45.04950000000001,55.0
137.79609632034632,75.0
108.71644862490453,75.0
458.8376666666666,458.0
93.33608710630617,307.0
45.0,45.0
104.16,105.0
75.0,75.0
60.0,60.0
78.31433333333334,138.0
52.18,1.0
405.15183333333334,399.0
101.69091227270056,75.0
139.31514380229112,53.0
55.40996825396825,75.0
196.53,197.0
37.78142857142857,15.0
4.38,1.0
103.45457936507941,140.0
63.3,60.0
106.61276190476192,173.0
159.0365373106861,90.0
533.2997976190477,611.0
54.73,1.0
40.05,40.0
139.23186183261186,100.0
211.55,234.0
36.12,35.0
153.5,171.0
60.0,60.0
20.0,20.0
60.0,60.0
60.0,60.0
108.18620291422853,160.0
170.01466926550398,220.0
60.0,60.0
110.48084998406217,75.0
59.86,60.0
117.91164551413857,75.0
101.69091227270056,75.0
32.18,30.0
200.69566666666665,173.0
147.39897215383516,241.0
147.04467987773012,180.0
243.31108008658003,40.0
63.53303030303031,2.0
100.84,157.0
142.4585432990213,16.0
134.54862423687425,171.0
184.5521372929788,170.0
75.56821428571429,21.0
165.21541840168334,230.0
189.6875,212.0
60.4,60.0
267.586,227.0
145.40831155364242,100.0
70.89,75.0
152.2235878525414,230.0
367.7211984126984,488.0
147.20639221975145,35.0
60.0,60.0
28.14,32.0
152.2794551524159,230.0
107.89727546986282,75.0
114.72144110546321,301.0
258.10022624743686,431.0
119.32590259740259,62.0
46.7549159174159,23.0
136.02598757004205,113.0
145.94559101178731,35.0
154.96438046237387,60.0
158.72040043290036,146.0
32.16857142857143,15.0
555.4610714285715,526.0
152.85,180.0
113.21654761904763,9.0
26.020833333333336,27.0
82.45255555555553,130.0
63.369972222222216,13.0
88.3,90.0
507.9675,514.0
117.80953571428572,10.0
209.35965018315017,94.0
140.06508047034663,167.0
19.045714285714286,75.0
48.05,60.0
98.66,30.0
450.0,450.0
20.023809523809526,20.0
177.2168536675157,170.0
135.05,155.0
24.64,30.0
102.06674019607844,100.0
63.498492063492066,60.0
102.67833333333334,100.0
137.6147380952381,100.0
84.60600000000001,75.0
39.8,40.0
359.41,370.0
16.038095238095238,30.0
318.8233333333333,325.0
60.0,60.0
34.763571428571424,15.0
148.74680854083886,1.0
197.0,197.0
108.596913974914,100.0
109.17872061740047,75.0
42.1685,55.0
59.146203241203274,16.0
155.46473586720484,100.0
60.0,60.0
64.83,65.0
20.0,20.0
468.86,480.0
404.5325,412.0
141.18746031746034,140.0
135.69016666666664,130.0
108.5824036796537,140.0
20.857333333333337,20.0
60.0,60.0
150.03,139.0
145.0,145.0
192.35196657961444,130.0
61.05,60.0
30.3,30.0
134.6584126984127,100.0
40.55,40.0
105.08950431322636,75.0
169.51,170.0
129.3,130.0
160.885,167.0
96.205,109.0
158.67134751006571,170.0
60.0,60.0
109.17872061740047,75.0
35.109523809523814,15.0
67.715,54.0
82.45255555555553,235.0
136.42480760374593,167.0
197.0468073176823,207.0
177.38830279687633,169.0
150.94700252525251,85.0
230.28,230.0
130.20949623919475,367.0
140.15475838107423,230.0
200.48714285714289,100.0
192.28471031512785,90.0
26.770238095238092,10.0
28.57,30.0
91.11083333333332,60.0
163.81791800516197,60.0
152.2235878525414,230.0
152.2794551524159,100.0
73.62,75.0
212.77,230.0
117.80953571428572,140.0
107.80236209623709,140.0
396.4704523809524,63.0
442.16416666666663,429.0
104.72,100.0
93.16,82.0
105.08950431322636,359.0
60.0,60.0
178.91520117949466,192.0
500.376,527.0
166.22496388975807,50.0
89.7,90.0
386.0075,386.0
132.72693696710064,197.0
352.77289285714295,71.0
140.08727272727273,143.0
44.59,15.0
94.68,100.0
140.4063888888889,130.0
117.91164551413857,75.0
60.0,60.0
419.6549761904763,407.0
132.19701406153146,230.0
123.08491744366744,80.0
58.52,60.0
197.0,197.0
141.83584223994703,100.0
59.04,60.0
71.6875,75.0
20.368492063492067,40.0
175.23535430524961,230.0
75.0,75.0
60.0,60.0
161.25283333333337,75.0
35.75857142857143,104.0
120.85933208020053,33.0
19.935,20.0
66.56643939393939,23.0
28.95,20.0
50.15,50.0
138.23146165167546,53.0
7.8,1.0
40.836499999999994,55.0
20.0,20.0
30.35,30.0
76.96568969555034,75.0
6.4325,1.0
135.29,143.0
184.5521372929788,90.0
50.51271428571428,28.0
48.18,50.0
25.803174603174597,10.0
72.99,73.0
173.41326749740477,284.0
50.22,71.0
422.7080833333333,362.0
165.70612465149227,350.0
140.06508047034663,180.0
149.54613369890345,75.0
99.31,100.0
26.32,19.0
220.38727258852256,96.0
216.39404575163397,275.0
426.57,425.0
143.80176127819547,143.0
149.48863636363637,85.0
99.51333333333332,100.0
159.54855555555557,361.0
156.57777777777778,40.0
407.70475793650786,453.0
72.38391699966702,44.0
195.34929580859455,90.0
119.08634277650454,66.0
457.5075,462.0
128.3755182796713,208.0
14.91,14.0
172.04318674574475,90.0
135.72623872440434,100.0
77.78253968253969,313.0
181.0517607863842,65.0
70.06083333333333,56.0
384.9678623584018,619.0
436.4,12.0
85.30893650793651,75.0
60.0,60.0
60.0,60.0
172.04318674574475,282.0
89.43430303030301,75.0
60.0,60.0
60.0,60.0
128.3755182796713,1.0
86.26875252525255,347.0
40.3,40.0
207.2116666666667,230.0
44.00543903318904,172.0
89.7,90.0
484.55,484.0
156.47786903907473,16.0
99.44617923742925,173.0
166.22496388975807,192.0
411.4489126984126,410.0
60.0,60.0
60.0,60.0
219.24361904761915,230.0
61.05,2.0
228.608,302.0
45.66665579302191,73.0
59.16,60.0
80.77809523809523,2.0
58.33392857142857,113.0
59.3,60.0
288.5,285.0
173.99394713302428,372.0
20.12,20.0
30.35,30.0
305.99,293.0
60.0,60.0
163.39657536907538,93.0
60.0,60.0
167.66090795182964,100.0
136.08,100.0
137.6147380952381,230.0
50.2,50.0
413.50699999999995,416.0
172.57570068116434,100.0
386.8580952380952,425.0
173.41326749740477,230.0
140.2123333333333,410.0
375.67857142857144,366.0
155.0,155.0
190.86968253968254,90.0
46.328510989010994,7.0
419.29970238095245,425.0
19.24,12.0
72.35,73.0
42.621,50.0
106.08,1.0
58.53,60.0
224.0,224.0
206.9020321067821,16.0
181.7701571962348,100.0
402.5115,404.0
51.37580952380952,31.0
162.87157142857143,75.0
47.51,30.0
158.5491576945561,75.0
118.58414502164501,223.0
45.78142857142857,15.0
29.16633333333333,20.0
60.0,60.0
60.0,60.0
36.591428571428565,15.0
60.0,60.0
60.0,60.0
106.15,105.0
138.23146165167546,230.0
78.07073010323012,91.0
172.04318674574475,170.0
128.57,130.0
575.0758333333333,514.0
172.5799126984127,60.0
98.92,100.0
85.71333333333332,28.0
105.08950431322636,160.0
200.59559523809526,282.0
58.5,60.0
106.04456168831167,66.0
28.72,30.0
57.003047619047614,130.0
167.7671680249146,180.0
72.08,75.0
637.6,640.0
58.07878446115288,150.0
46.00142857142857,48.0
74.66,61.0
37.71611111111111,73.0
220.45878571428574,230.0
114.68301739926743,224.0
60.0,60.0
130.20949623919475,75.0
1.29,1.0
75.0,75.0
60.0,60.0
150.90554022757985,113.0
87.16579365079366,325.0
21.16,20.0
60.0,60.0
124.43610129438841,110.0
99.21555405029449,160.0
577.1268333333334,1.0
109.17872061740047,166.0
147.83509570254375,110.0
181.87847469914246,90.0
118.58414502164501,120.0
425.0,425.0
115.13642066267064,66.0
177.12299832834,282.0
60.0,60.0
97.95141819291821,235.0
37.783571428571435,15.0
120.0,120.0
163.4,170.0
87.84986580086579,66.0
186.61933400036457,90.0
45.41016666666666,130.0
43.79,40.0
65.51879365079365,62.0
138.5601652791653,16.0
173.39119788544792,40.0
1330.17,1343.0
152.52133903592105,100.0
41.85333333333333,30.0
148.99869119769122,115.0
196.7732857142857,146.0
33.93857142857143,15.0
149.54613369890345,75.0
75.84,75.0
37.332857142857144,15.0
36.93,20.0
135.87890605040252,301.0
34.605,15.0
171.5726006843827,230.0
269.714,257.0
436.8395634920635,425.0
60.0,60.0
52.25061904761905,41.0
59.6,60.0
65.87,56.0
513.5313333333334,637.0
50.1,50.0
36.66619047619048,15.0
59.42696747696745,23.0
63.66,60.0
60.0,60.0
140.31479437229436,100.0
171.8329271244293,70.0
75.0,75.0
30.089000000000002,27.0
44.97,45.0
145.3893854600571,230.0
113.0537539266266,160.0
164.7524894241895,100.0
182.95485249523855,70.0
42.41,45.0
143.80176127819547,103.0
163.48777552682319,282.0
209.46,211.0
90.0,90.0
59.11,60.0
61.33,69.0
44.39,50.0
132.30776551226552,106.0
47.0,47.0
170.6375150798133,192.0
131.07511145690506,301.0
138.94471722721727,85.0
16.722809523809527,40.0
45.66665579302191,73.0
60.0,60.0
289.205,285.0
25.945476190476192,10.0
54.95,60.0
515.4043333333334,519.0
117.80953571428572,100.0
60.0,60.0
54.776535353535365,18.0
178.0287354501928,65.0
59.146203241203274,94.0
20.0,20.0
181.0517607863842,90.0
192.35196657961444,90.0
304.69864519955297,114.0
60.0,60.0
38.96,1.0
136.13247665157343,301.0
570.5175,429.0
163.1792911339886,90.0
33.04,30.0
63.369972222222216,97.0
60.0,60.0
46.77857142857143,14.0
2.48,1.0
58.33392857142857,184.0
54.1575,60.0
412.3107619047619,410.0
29.9,30.0
167.419,155.0
180.82641337754956,100.0
152.52133903592105,35.0
60.0,60.0
232.8857142857143,90.0
172.47415710428876,50.0
146.49095389037294,75.0
39.02,40.0
113.8653812012366,63.0
156.47786903907473,75.0
39.772214285714284,28.0
59.15,60.0
40.09,15.0
72.50442424242425,410.0
63.02,60.0
103.64057628482628,235.0
410.71,412.0
114.07997619047619,100.0
60.0,60.0
65.51879365079365,62.0
23.62,30.0
22.69,20.0
60.0,60.0
150.80645629548056,53.0
128.2752947137967,26.0
60.12,60.0
141.74092439962897,113.0
175.52166666666665,170.0
317.5625,237.0
60.0,60.0
53.87208495670995,1.0
181.87847469914246,100.0
75.0,75.0
509.15,514.0
232.8857142857143,100.0
60.0,60.0
186.61933400036457,100.0
60.0,60.0
440.16,520.0
660.68,661.0
41.03666666666666,43.0
134.81619869006983,110.0
582.0480357142857,390.0
66.51,1.0
34.805,30.0
59.2,60.0
46.76,45.0
561.0217857142857,526.0
529.4085,612.0
60.0,60.0
65.13901190476193,65.0
122.66372835497833,120.0
60.0,60.0
26.7,27.0
178.13400000000004,106.0
168.8,170.0
124.62633730158728,75.0
167.66090795182964,284.0
170.6375150798133,90.0
11.644126984126983,30.0
60.0,60.0
117.88820496170494,66.0
174.67144040268784,170.0
25.08,19.0
396.4704523809524,488.0
89.29,109.0
39.89714285714286,15.0
226.32,230.0
141.06011133311134,120.0
30.973888888888887,20.0
4.88,4.0
124.62633730158728,75.0
60.0,60.0
45.1,45.0
60.0,60.0
60.0,60.0
161.25283333333337,100.0
49.46,30.0
20.0,20.0
60.0,60.0
69.44833333333332,75.0
181.2613906327877,90.0
65.0,65.0
519.66,539.0
149.77506673881675,110.0
161.43536558589255,372.0
60.0,60.0
228.78,233.0
60.0,60.0
93.13941397491394,130.0
467.915,480.0
100.0,100.0
104.51625027260326,75.0
12.0,12.0
57.16708333333333,100.0
531.4389206349207,634.0
136.11742797018798,167.0
64.95,65.0
466.5379722222224,63.0
191.472987012987,90.0
156.47786903907473,75.0
519.76,527.0
192.35196657961444,192.0
50.025555555555556,50.0
181.87847469914246,181.0
131.00928232931236,241.0
33.33571428571428,15.0
124.61760200910203,10.0
216.65,224.0
165.840563230356,75.0
221.65,224.0
260.63537157287146,431.0
103.84785714285714,75.0
148.74680854083886,307.0
434.227,427.0
107.89727546986282,75.0
33.7755,55.0
199.34,302.0
182.95485249523855,170.0
177.4403570100349,50.0
105.97052267189923,75.0
14.86,14.0
173.0128452999959,230.0
62.711554112554104,40.0
73.32,75.0
12.0,12.0
112.85521176046176,130.0
77.82154422836486,75.0
75.0,75.0
24.35936507936508,10.0
78.19,21.0
150.1,150.0
59.336000000000006,60.0
43.79,40.0
375.62800000000004,356.0
60.0,60.0
159.22966666666665,177.0
176.61927935741593,170.0
45.43,109.0
80.70333333333333,30.0
76.59835881753314,75.0
114.75756132756128,281.0
113.39283333333334,17.0
60.0,60.0
263.9275,270.0
65.26,92.0
456.8719761904763,362.0
29.695238095238096,27.0
142.13587474146925,230.0
27.995,10.0
79.69166666666666,75.0
269.93591136373755,431.0
60.0,60.0
67.785,75.0
113.0537539266266,75.0
62.99,60.0
140.00000000000003,638.0
121.54,145.0
1343.0,1343.0
391.0825,404.0
58.63166666666667,1.0
157.2392765649383,100.0
41.895,15.0
46.3875,56.0
63.2,60.0
270.63,287.0
156.47786903907473,1.0
159.0365373106861,230.0
43.205,40.0
24.0,20.0
78.37,75.0
186.61933400036457,284.0
60.0,60.0
60.0,60.0
75.0,75.0
70.77,73.0
183.38328597968356,120.0
241.67930735930736,100.0
105.12066666666665,112.0
135.01916666666665,369.0
156.7753793970858,100.0
77.42200000000001,171.0
118.6907626262626,130.0
316.95583333333326,450.0
20.02,20.0
102.21,100.0
132.69,130.0
483.64,482.0
159.0365373106861,372.0
176.63667612034178,230.0
60.0,60.0
27.0,27.0
156.7753793970858,35.0
80.61,7.0
45.88714285714286,43.0
60.0,60.0
60.0,60.0
125.23197222222223,313.0
458.33333333333337,462.0
159.0365373106861,230.0
27.43,27.0
413.4714047619047,416.0
75.0,75.0
85.71811904761903,313.0
122.8136507936508,140.0
165.81609364736605,100.0
60.0,60.0
92.27369841269845,235.0
135.72623872440434,197.0
60.45,60.0
60.0,60.0
130.922252527787,367.0
63.70428571428572,65.0
123.74889285714285,100.0
151.68426936847592,113.0
75.0,75.0
388.06,366.0
170.21,173.0
140.5443382450882,85.0
45.68,40.0
43.61,45.0
30.0,30.0
304.69864519955297,114.0
189.2658502886003,146.0
60.0,60.0
26.83,27.0
223.89559379509382,361.0
80.51,80.0
173.13717028800238,100.0
100.02735225885226,130.0
60.0,60.0
113.0537539266266,166.0
141.94,143.0
410.0275,412.0
134.69,232.0
149.29313098013094,75.0
443.3908333333334,442.0
60.0,60.0
122.47232908676283,75.0
43.13,75.0
60.0,60.0
32.56235714285714,55.0
142.4585432990213,16.0
100.0,100.0
47.727833333333336,130.0
181.0951936839223,181.0
60.0,60.0
225.8,230.0
23.55,20.0
74.76533333333334,171.0
155.0,155.0
60.0,60.0
166.35,73.0
108.71644862490453,367.0
228.42,230.0
60.0,60.0
144.46935787092082,60.0
202.42118403818415,431.0
80.735,80.0
61.1,60.0
149.29313098013094,75.0
162.60483333333335,163.0
114.72144110546321,197.0
76.22305764411027,207.0
30.9,30.0
84.01,75.0
142.4585432990213,75.0
34.72571428571428,15.0
155.0,155.0
534.18,529.0
487.65666666666664,482.0
60.0,60.0
40.36500000000001,10.0
51.74333333333334,45.0
135.92303715728715,100.0
17.24,15.0
80.38145512820512,75.0
60.0,60.0
115.23,151.0
445.91,447.0
62.6,56.0
132.80056857031857,10.0
1330.17,1343.0
104.1979761904762,100.0
58.33392857142857,64.0
133.35112481962477,10.0
149.4402115485994,103.0
223.98,224.0
60.0,60.0
102.56,73.0
621.64,625.0
183.23012829124812,100.0
60.0,60.0
170.01466926550398,372.0
105.0,105.0
157.2392765649383,66.0
464.065,457.0
60.0,60.0
245.6482142857143,120.0
170.7508613244062,284.0
138.25830467941068,60.0
60.0,60.0
163.68645492423178,94.0
187.20925551960673,100.0
43.641000000000005,50.0
152.52133903592105,60.0
130.0,130.0
189.56,191.0
60.0,60.0
142.638,75.0
139.22849567099564,114.0
177.93813670351793,181.0
112.43926673326672,100.0
30.640476190476193,10.0
76.47416666666668,1.0
117.80953571428572,235.0
120.62657142857148,100.0
60.0,60.0
173.13717028800238,350.0
165.840563230356,75.0
78.3,75.0
60.0,60.0
146.85719351259334,220.0
423.35,425.0
155.0,155.0
73.0,73.0
60.0,60.0
110.64196661130403,75.0
110.48084998406217,75.0
64.79744155844152,65.0
30.8725,30.0
20.069999999999997,20.0
138.35139971139972,75.0
175.42383031549355,230.0
208.28194541569536,431.0
304.69864519955297,114.0
177.4403570100349,192.0
46.65,47.0
408.9923928571428,362.0
24.015,20.0
143.3049402548141,301.0
124.43610129438841,100.0
51.31,50.0
508.485,527.0
21.1,19.0
155.0,155.0
113.01987193362193,121.0
116.73241122766127,100.0
182.82453571428573,328.0
115.34298631923635,10.0
259.9654523809524,442.0
177.12299832834,100.0
139.55197026569923,301.0
72.48,75.0
175.23535430524961,130.0
109.17872061740047,166.0
175.9825,191.0
165.0,165.0
148.97731601731599,100.0
175.03209785952967,230.0
41.20444444444444,40.0
5.75,6.0
20.19477777777778,20.0
115.43998737373737,240.0
122.71970824428408,301.0
153.7291918434549,53.0
145.94559101178731,230.0
22.15,20.0
148.27030849688666,242.0
60.0,60.0
31.93,55.0
54.05045717234262,32.0
69.87033333333333,308.0
158.67134751006571,284.0
151.21,139.0
75.0,75.0
34.68,60.0
165.08182090279593,35.0
22.036666666666665,20.0
178.91520117949466,90.0
40.0,40.0
155.53998077512958,110.0
46.54,47.0
29.45,30.0
142.13587474146925,282.0
52.57190476190476,32.0
101.69091227270056,166.0
43.17142857142857,15.0
109.17872061740047,75.0
59.4,60.0
20.0,20.0
60.0,60.0
76.69,60.0
17.625,12.0
60.33488636363636,60.0
60.0,60.0
181.0517607863842,90.0
60.0,60.0
44.475,43.0
160.041,145.0
28.47714285714286,27.0
60.0,60.0
34.43357142857143,15.0
60.0,60.0
88.45232142857145,235.0
105.08950431322636,63.0
60.0,60.0
48.445,50.0
7.5115,8.0
43.24,35.0
60.0,60.0
423.9,430.0
18.4370589630694,1.0
505.55800000000005,528.0
139.55197026569923,66.0
99.55,100.0
43.80714285714285,73.0
197.46054761904765,230.0
50.20918867243865,97.0
449.31710317460295,425.0
176.23077867799282,65.0
60.0,60.0
60.0,60.0
72.69050793650794,31.0
147.5924083694083,351.0
176.23077867799282,282.0
60.0,60.0
165.21541840168334,284.0
60.0,60.0
37.556309523809524,27.0
60.0,60.0
496.30466666666666,432.0
538.0607142857143,601.0
314.09,293.0
120.93063203463205,121.0
175.759571319002,181.0
61.36,60.0
47.0,47.0
121.24161019576921,301.0
206.9020321067821,40.0
60.0,60.0
138.09420634920633,140.0
172.57570068116434,100.0
155.5515644848291,110.0
31.17,30.0
60.0,60.0
414.5485833333332,416.0
59.56,60.0
27.7525,30.0
38.28333333333333,30.0
74.62,28.0
60.2,47.0
64.03,75.0
60.0,60.0
75.56821428571429,95.0
58.07878446115288,110.0
109.17872061740047,25.0
1330.17,1343.0
34.06583333333332,10.0
30.3,30.0
146.49095389037294,75.0
386.79333333333335,386.0
24.889047619047616,10.0
155.0,155.0
59.8,60.0
170.68,170.0
101.69091227270056,75.0
122.15649777561798,100.0
29.89,30.0
528.1633333333333,535.0
20.235,20.0
136.13247665157343,113.0
345.71683333333334,114.0
20.0,20.0
60.0,60.0
122.15649777561798,75.0
113.1,100.0
237.57840476190478,1.0
173.0128452999959,170.0
256.7728333333334,230.0
30.8,30.0
143.3049402548141,66.0
118.58414502164501,130.0
113.0537539266266,75.0
126.50964635854342,100.0
421.2393214285715,340.0
41.61,43.0
285.0,285.0
22.5075,20.0
181.7701571962348,100.0
46.6575,60.0
60.0,60.0
19.966666666666665,20.0
60.0,60.0
152.51639792939824,70.0
60.0,60.0
60.0,60.0
36.8675,30.0
21.15,20.0
39.772214285714284,55.0
117.91164551413857,75.0
153.25,155.0
518.75,527.0
59.53,60.0
69.43886707736706,21.0
59.7,60.0
35.86666666666667,308.0
64.14427577977578,94.0
146.49095389037294,75.0
33.15,30.0
60.0,60.0
154.96438046237387,100.0
479.17,484.0
60.0,60.0
60.0,60.0
97.52133333333333,552.0
413.01,520.0
246.44,260.0
27.45333333333333,10.0
140.67466257138977,301.0
60.0,60.0
208.28194541569536,431.0
45.0,45.0
171.83227242596692,100.0
180.82641337754956,90.0
494.22,500.0
75.0,75.0
229.44214285714278,180.0
122.15649777561798,75.0
39.49297619047619,55.0
40.0,40.0
430.74888095238094,427.0
69.63365476190476,60.0
114.72144110546321,100.0
445.31,447.0
177.89960785632394,100.0
86.8126388888889,75.0
95.31,100.0
135.92303715728715,173.0
104.42,105.0
107.21,115.0
165.0003230903889,284.0
122.66372835497833,223.0
232.14783333333332,27.0
223.0,230.0
35.75339926739927,75.0
140.67466257138977,53.0
165.20255652311826,170.0
35.373333333333335,15.0
584.75,526.0
43.98349999999999,28.0
99.95,100.0
99.21555405029449,359.0
60.0,60.0
561.1551666666666,1.0
60.0,60.0
165.81609364736605,220.0
155.5515644848291,70.0
110.48084998406217,207.0
28.9625,30.0
147.18286775161846,180.0
42.735,15.0
536.2382142857143,601.0
56.041000000000004,31.0
59.14216666666667,28.0
61.23,60.0
124.33274281274277,100.0
248.74055266955267,431.0
534.9242142857142,559.0
77.15989743589743,75.0
122.4507994064759,240.0
522.22,535.0
60.0,60.0
20.8,20.0
68.515,73.0
20.6,20.0
137.53098437391128,100.0
151.07635714285712,177.0
117.26100000000001,134.0
38.49472619047619,55.0
151.03790440115438,100.0
45.20856777493606,32.0
355.31082142857144,63.0
317.2825,293.0
152.2235878525414,230.0
450.0,450.0
229.44214285714278,100.0
141.4709276973027,85.0
103.64057628482628,62.0
165.57524980164283,100.0
60.0,60.0
150.80645629548056,100.0
20.023809523809526,20.0
136.03432440682946,167.0
442.69,442.0
92.49426792651792,130.0
60.0,60.0
60.0,60.0
440.1319047619048,429.0
20.52690476190476,30.0
212.78833333333336,211.0
442.91614285714275,514.0
117.51416666666668,24.0
145.3893854600571,113.0
174.81333333333336,146.0
105.97052267189923,207.0
141.540356920857,85.0
187.20925551960673,100.0
128.35671635895125,75.0
156.47786903907473,103.0
60.0,60.0
41.885,50.0
40.2,40.0
426.0390277777777,63.0
232.01,230.0
485.83619047619044,432.0
120.62657142857148,130.0
60.0,60.0
58.44833333333332,1.0
31.153499999999998,1.0
406.1416666666667,416.0
107.89727546986282,75.0
458.6375,514.0
554.61,559.0
59.650833333333345,28.0
243.31108008658003,16.0
32.302,30.0
60.0,60.0
153.5,171.0
180.02263611339225,130.0
1.0,1.0
78.31433333333334,75.0
93.33608710630617,367.0
61.1,60.0
60.0,60.0
80.91,85.0
173.99394713302428,100.0
60.0,60.0
60.0,60.0
12.0,12.0
73.20883333333332,21.0
163.1792911339886,230.0
60.0,60.0
111.63960028860032,62.0
105.20825731273337,207.0
60.0,60.0
183.35594262148936,100.0
67.58,73.0
103.87,105.0
22.592000000000002,20.0
99.21555405029449,75.0
113.61356016648101,75.0
47.37333333333333,60.0
24.92,20.0
82.58,75.0
41.95,40.0
21.438000000000002,20.0
195.34929580859455,170.0
145.94559101178731,113.0
18.54357142857143,40.0
58.6,60.0
20.064666666666668,20.0
159.54443369874016,53.0
114.19,28.0
45.875,50.0
152.2794551524159,35.0
175.759571319002,90.0
175.4024431962946,230.0
499.80940476190466,535.0
49.2,60.0
60.0,60.0
2.48,1.0
60.0,60.0
524.6695,524.0
35.74,12.0
146.96663073478692,75.0
152.9784091864018,60.0
122.47232908676283,25.0
238.4333333333333,329.0
146.96663073478692,100.0
135.76666666666665,75.0
180.72190476190474,180.0
60.0,60.0
74.28,75.0
172.7278784273195,170.0
101.69091227270056,75.0
40.0,40.0
20.686666666666664,20.0
141.01694555444558,75.0
501.3277777777778,532.0
60.08,60.0
75.0,75.0
183.35594262148936,65.0
75.0,75.0
451.2843214285715,425.0
142.20826939726936,75.0
29.2425,30.0
404.8749444444444,103.0
73.0,73.0
163.81791800516197,230.0
60.0,60.0
64.34,60.0
60.0,60.0
412.0518333333333,412.0
397.176396825397,399.0
140.25829725829726,66.0
60.0,60.0
172.88332747952023,282.0
125.13666666666666,75.0
95.28102314352316,20.0
139.3586114603752,230.0
44.32,15.0
130.91908566433568,10.0
109.17872061740047,75.0
504.9926666666667,527.0
607.1226666666666,621.0
32.355714285714285,2.0
75.0,75.0
371.8722222222222,500.0
117.91164551413857,207.0
54.59,60.0
115.37,100.0
60.0,60.0
123.74889285714285,230.0
60.0,60.0
111.86713872238869,66.0
99.51,100.0
60.0,60.0
170.6036511767578,50.0
411.274,412.0
419.574388888889,425.0
153.5,171.0
171.01,173.0
31.37416666666667,55.0
172.88332747952023,192.0
60.0,60.0
77.25461904761904,75.0
34.815,15.0
60.0,60.0
190.615,260.0
176.81173110751496,170.0
75.0,75.0
108.0,108.0
89.27,60.0
170.83575066334978,90.0
35.49916666666667,130.0
133.02432503607508,130.0
78.38844866734573,1.0
422.7939285714285,425.0
141.83584223994703,180.0
145.18356302031307,85.0
99.31666666666668,100.0
141.01090634498803,230.0
60.0,60.0
155.45890823275187,282.0
69.76166666666666,20.0
91.20466870629367,140.0
197.03,230.0
76.96568969555034,75.0
179.6833425957315,282.0
177.36344637783208,100.0
111.10257016308769,75.0
172.805,75.0
159.54855555555557,347.0
404.10716666666667,409.0
167.24168759236142,230.0
113.0537539266266,75.0
150.69300696573282,66.0
655.0,655.0
152.2235878525414,100.0
91.39333333333332,45.0
101.69091227270056,25.0
550.048,1.0
44.30733333333333,75.0
181.7701571962348,65.0
62.16235714285713,100.0
82.76,75.0
138.10522222222224,23.0
4.38,1.0
31.42,30.0
163.48907142857146,6.0
167.94,170.0
93.33608710630617,75.0
129.0560656010656,170.0
93.87,100.0
83.99,86.0
60.0,60.0
141.4598015873016,173.0
180.02263611339225,90.0
81.96,85.0
60.0,60.0
1.0,1.0
59.8,60.0
180.6582503676664,90.0
181.2613906327877,65.0
139.19008384695724,113.0
59.827564282123106,60.0
152.2175,177.0
158.5491576945561,100.0
182.95485249523855,50.0
19.452142857142857,30.0
56.818888888888885,22.0
404.15666666666664,407.0
61.91,60.0
33.71,1.0
425.0,425.0
248.74055266955267,431.0
60.0,60.0
60.0,60.0
58.07878446115288,171.0
137.052,181.0
60.0,60.0
150.0,150.0
161.7579325396826,85.0
60.0,60.0
40.836499999999994,28.0
89.15,90.0
95.714,75.0
60.0,60.0
176.81173110751496,170.0
106.34453571428577,146.0
135.35,135.0
49.43571428571428,50.0
58.43199284049283,61.0
498.13754761904755,432.0
60.0,60.0
145.0,145.0
144.28776730725411,110.0
109.17872061740047,160.0
505.824,514.0
126.76066883116887,66.0
62.88896825396825,60.0
147.83509570254375,53.0
68.54527380952382,60.0
466.5379722222224,488.0
387.72490476190484,467.0
125.49549999999999,140.0
172.57570068116434,181.0
60.34533333333333,75.0
46.8,15.0
159.22966666666665,146.0
175.4024431962946,50.0
78.0011086091328,75.0
60.0,60.0
226.09,230.0
123.78503571428571,100.0
73.06416666666667,45.0
64.14427577977578,21.0
85.0,85.0
496.89,512.0
55.847445054945055,75.0
180.82641337754956,100.0
147.39897215383516,113.0
161.7579325396826,100.0
60.0,60.0
75.0,75.0
228.45,230.0
64.14427577977578,16.0
51.80333333333334,25.0
33.6889761904762,242.0
55.41714285714286,122.0
24.35936507936508,30.0
40.4,40.0
70.49571428571429,73.0
453.99263888888873,329.0
192.28471031512785,284.0
255.1661666666667,230.0
139.097995281638,66.0
219.81,222.0
42.18899531024531,172.0
30.0,30.0
119.32590259740259,100.0
573.0333333333333,1.0
86.39,75.0
43.44,45.0
115.64723154623157,140.0
173.41326749740477,130.0
140.2123333333333,93.0
112.85521176046176,100.0
109.17872061740047,359.0
4.85,4.0
15.74,15.0
459.47333333333336,462.0
405.6508333333333,516.0
119.60435742619953,230.0
183.38328597968356,110.0
105.08950431322636,75.0
60.0,60.0
73.9,73.0
127.04321500721504,100.0
161.25283333333337,100.0
119.32590259740259,130.0
163.81791800516197,167.0
175.23535430524961,282.0
139.19008384695724,110.0
43.95,45.0
174.79767600043837,65.0
67.58045238095238,30.0
88.45232142857145,100.0
75.0,75.0
133.50009887334886,10.0
128.35671635895125,367.0
54.776535353535365,60.0
31.6,30.0
128.56192857142858,140.0
192.7635167748918,94.0
57.04,349.0
75.0,75.0
177.93813670351793,100.0
530.77,529.0
118.71535714285716,106.0
60.0,60.0
165.57524980164283,230.0
349.1571778499279,646.0
61.78579761904761,44.0
167.72,165.0
168.70109271284267,59.0
159.54443369874016,100.0
110.70047013366754,54.0
148.89999783549783,100.0
101.69091227270056,25.0
146.02583095040754,100.0
159.22,163.0
172.88332747952023,181.0
168.9,170.0
60.0,60.0
139.097995281638,113.0
169.85,170.0
60.0,60.0
128.69604516266332,113.0
173.0128452999959,282.0
236.96,302.0
181.7701571962348,181.0
530.28,529.0
141.4598015873016,10.0
119.7004126984127,189.0
60.0,60.0
141.11056190070516,230.0
133.74573081742403,100.0
127.03,130.0
18.100714285714293,40.0
73.72,73.0
458.63933333333335,397.0
634.7866666666667,638.0
75.0,75.0
155.46220376076454,70.0
60.0,60.0
60.0,60.0
133.04,100.0
178.00116042839144,282.0
164.7524894241895,181.0
60.0,60.0
60.0,60.0
75.0,75.0
67.37849999999999,22.0
134.81619869006983,241.0
49.9,50.0
33.2,24.0
50.16577688394019,73.0
144.30180167626494,75.0
148.54239610389607,83.0
135.35735002849742,230.0
244.98,246.0
241.67930735930736,90.0
116.1273593351093,100.0
107.21076393051395,173.0
145.0,145.0
118.45719393106894,20.0
167.7671680249146,60.0
197.0,197.0
410.83,412.0
20.235,20.0
158.0303697936051,167.0
58.17,60.0
165.0003230903889,100.0
50.05866666666667,22.0
163.48777552682319,220.0
61.1,60.0
137.6147380952381,350.0
101.69091227270056,359.0
51.8,60.0
246.0,246.0
165.840563230356,75.0
197.65,212.0
386.87,386.0
87.09,90.0
59.9,60.0
98.545,100.0
176.57384191316862,130.0
127.61529761904761,100.0
127.53318420468426,10.0
180.48770028302624,100.0
174.03680419559842,282.0
135.53888169326038,167.0
76.05,75.0
56.25,47.0
123.01425177600177,100.0
100.0,100.0
138.35139971139972,120.0
270.3181666666668,442.0
140.2123333333333,59.0
60.0,60.0
109.56969824619823,130.0
484.55,484.0
81.16970634920632,108.0
173.29808766233768,93.0
190.86392784992785,93.0
44.77,45.0
60.0,60.0
20.028333333333332,20.0
467.59,484.0
49.67,60.0
60.0,60.0
113.29015476190482,281.0
60.0,60.0
477.5018333333334,379.0
109.72715043290042,140.0
255.4,223.0
234.14,230.0
138.23146165167546,197.0
77.02333333333334,75.0
145.40831155364242,35.0
611.0246904761904,625.0
120.15395238095235,100.0
66.1687142857143,62.0
64.15,60.0
104.95,105.0
104.55266486291487,140.0
141.11056190070516,100.0
152.12,145.0
58.41509485612426,60.0
113.13907142857144,100.0
149.48863636363637,130.0
60.0,60.0
113.61356016648101,367.0
100.4443564213564,235.0
163.6244523809524,100.0
235.8,240.0
26.371031746031754,10.0
127.33196780117845,230.0
118.80999025974032,66.0
23.4,20.0
132.3911904761905,180.0
96.85749999999999,75.0
86.15300199800198,161.0
42.49,40.0
531.7916666666667,529.0
154.44056145278012,113.0
34.85,15.0
60.0,60.0
31.12,30.0
17.7,75.0
147.20639221975145,70.0
59.4,60.0
455.1926666666666,514.0
60.0,60.0
60.0,60.0
449.3564999999999,440.0
540.0055,1.0
259.53983333333326,75.0
32.3725,55.0
177.89960785632394,170.0
60.0,60.0
51.60725108225109,60.0
159.61282051282052,510.0
20.1,20.0
60.0,60.0
44.6,45.0
60.0,60.0
75.0,1.0
164.31571428571428,100.0
106.34028391053391,140.0
475.6047380952381,432.0
224.95,99.0
145.0,145.0
41.6,40.0
163.9127512872548,372.0
43.282999999999994,32.0
153.4,155.0
561.0217857142857,601.0
45.66665579302191,23.0
63.0,60.0
135.87890605040252,113.0
168.12833333333333,146.0
20.8,20.0
60.0,60.0
32.675,30.0
173.41326749740477,192.0
288.18,263.0
183.78907831281384,230.0
132.90422077922076,75.0
34.26571428571428,15.0
175.4024431962946,65.0
167.7671680249146,53.0
442.41666666666674,442.0
100.0,100.0
82.17630952380951,75.0
109.72715043290042,100.0
111.95,75.0
174.72772499760765,192.0
181.0951936839223,230.0
165.08182090279593,70.0
496.30466666666666,451.0
44.27,45.0
60.0,60.0
111.63960028860032,173.0
60.0,60.0
201.79,230.0
60.0,60.0
581.9158333333332,526.0
107.89727546986282,75.0
42.735,15.0
60.0,60.0
102.81214285714286,100.0
60.0,60.0
24.64,10.0
87.75740656565655,316.0
190.39,191.0
127.07243650793652,57.0
40.0,40.0
443.0697619047619,442.0
84.7254761904762,75.0
145.18356302031307,100.0
284.64,431.0
75.10683333333334,75.0
308.8994285714286,325.0
62.2,60.0
89.85,90.0
404.21528174603174,399.0
165.57524980164283,90.0
44.8,45.0
99.21555405029449,160.0
33.93869047619048,20.0
40.07,40.0
428.6629166666665,344.0
180.48770028302624,50.0
115.82300782550783,100.0
153.4,155.0
89.7,90.0
21.07166666666667,40.0
141.74092439962897,100.0
32.433,55.0
175.23535430524961,65.0
23.0,20.0
101.69091227270056,75.0
176.81173110751496,70.0
44.5375,50.0
140.98,135.0
87.33031892943656,20.0
60.13399999999999,60.0
170.01466926550398,65.0
147.20639221975145,230.0
105.97052267189923,160.0
130.6273203365692,197.0
72.74,73.0
60.0,60.0
447.3225,442.0
50.385,28.0
142.66,143.0
60.0,60.0
60.0,60.0
110.48084998406217,75.0
60.0,60.0
30.3,30.0
194.085,260.0
61.78579761904761,42.0
20.0,20.0
122.0175,75.0
158.67134751006571,50.0
130.6273203365692,100.0
111.10257016308769,75.0
152.935,75.0
7.24,1.0
50.0,50.0
98.93,100.0
48.86974603174603,554.0
140.67466257138977,60.0
40.0,40.0
127.56,130.0
313.8825,325.0
59.53666666666667,60.0
133.35112481962477,100.0
99.21555405029449,63.0
158.0303697936051,100.0
60.0,60.0
60.0,60.0
60.0,60.0
154.36276115411596,110.0
440.66,447.0
60.0,60.0
263.83,267.0
441.81833333333327,532.0
75.57,75.0
220.45878571428574,230.0
105.08950431322636,75.0
119.1208134920635,223.0
91.2831111111111,347.0
167.87234523809525,453.0
43.588571428571434,43.0
60.45,60.0
73.97,65.0
60.0,60.0
75.0,75.0
591.4685,1.0
131.82459279609284,120.0
30.25,30.0
48.0125,45.0
152.51639792939824,60.0
133.9,137.0
184.7556572871573,90.0
139.4375491452992,113.0
23.93,20.0
483.1703333333334,432.0
110.48084998406217,75.0
105.865,100.0
60.0,60.0
145.0,145.0
50.343138888888895,41.0
75.0,75.0
134.81619869006983,230.0
158.5491576945561,1.0
81.16970634920632,98.0
168.71633333333335,146.0
119.66775613275612,75.0
133.49,181.0
175.30968997418378,100.0
163.81791800516197,53.0
104.07321428571427,100.0
60.0,60.0
156.4223931323758,113.0
165.81609364736605,282.0
20.0,20.0
159.32529184704185,93.0
42.97964880952381,100.0
62.15417927170868,63.0
197.37571789321788,100.0
430.8257261904761,344.0
52.79533333333334,75.0
104.92,64.0
20.612539682539673,10.0
388.18966666666665,114.0
99.21555405029449,75.0
163.32,160.0
113.0537539266266,75.0
28.053333333333335,27.0
60.0,60.0
175.23535430524961,170.0
96.23,100.0
447.47,450.0
259.5626428571429,75.0
521.9798333333333,524.0
137.3652792207792,57.0
135.37007445332446,120.0
114.26107142857146,100.0
118.92068064125418,62.0
108.596913974914,130.0
101.69091227270056,75.0
75.0,75.0
99.61757331557335,173.0
252.18403070540577,431.0
39.355714285714285,15.0
44.04704545454546,50.0
170.83575066334978,230.0
60.0,60.0
138.23146165167546,70.0
60.0,60.0
132.72693696710064,230.0
111.10257016308769,75.0
150.90554022757985,100.0
138.01983216783216,16.0
111.10257016308769,75.0
25.51,1.0
328.38,293.0
122.71970824428408,230.0
282.62714285714287,519.0
495.9510555555555,532.0
106.55648970065884,75.0
102.76907112332114,173.0
45.8,50.0
6.4325,1.0
60.0,60.0
35.23714285714286,15.0
167.44035780563016,282.0
118.92068064125418,130.0
123.05171428571428,410.0
148.68853707695814,161.0
60.0,60.0
149.70779761904762,40.0
140.15475838107423,167.0
386.665,386.0
163.9127512872548,100.0
120.84,91.0
140.25829725829726,10.0
127.04321500721504,10.0
177.93813670351793,170.0
17.17206349206349,40.0
112.99141913710646,75.0
105.0,105.0
112.16234526102276,75.0
81.1,60.0
108.18620291422853,21.0
25.09166666666667,20.0
177.36344637783208,282.0
117.80953571428572,66.0
68.7303095238095,63.0
47.69160655520952,73.0
150.90554022757985,100.0
527.9883333333333,535.0
181.2613906327877,220.0
408.295,412.0
173.0128452999959,230.0
60.0,60.0
34.11857142857143,15.0
60.0,60.0
121.46510093193469,301.0
56.7125,45.0
421.19299963924954,425.0
89.31679761904765,52.0
60.0,60.0
101.69091227270056,63.0
17.61047619047619,40.0
177.12299832834,100.0
122.71970824428408,241.0
105.20825731273337,75.0
183.38328597968356,131.0
97.89017783605284,235.0
293.935,237.0
111.10257016308769,63.0
210.18,211.0
121.90844141969141,66.0
57.8,61.0
77.02,109.0
47.72,47.0
142.13587474146925,181.0
25.8575,20.0
58.71017604617603,94.0
71.73273809523809,5.0
68.79694011544012,31.0
86.95,75.0
515.4043333333334,233.0
16.038095238095238,40.0
127.53318420468426,130.0
92.27369841269845,173.0
44.190186390761845,1.0
147.20639221975145,230.0
113.0537539266266,75.0
19.01,17.0
509.4044047619048,532.0
57.003047619047614,45.0
109.83,60.0
101.69091227270056,166.0
221.17,230.0
111.56214285714286,100.0
25.938571428571425,10.0
103.90485707103353,78.0
159.62065486311073,100.0
178.00116042839144,65.0
121.10967430084537,208.0
85.3787106227106,88.0
175.4024431962946,282.0
112.17,100.0
134.376056998557,130.0
60.0,60.0
40.46,40.0
65.25058694083695,21.0
529.02,528.0
496.4738333333333,527.0
107.23868778443779,173.0
30.0,30.0
124.43610129438841,230.0
105.43345238095236,27.0
50.373000000000005,28.0
166.22496388975807,70.0
54.9175,308.0
75.16,75.0
135.4322298812299,10.0
40.15,40.0
50.20918867243865,57.0
60.0,60.0
468.4078333333333,451.0
112.16234526102276,75.0
113.0537539266266,75.0
1380.0,1380.0
105.97052267189923,63.0
84.9351785714286,5.0
215.8299735449735,100.0
117.91164551413857,166.0
135.66483333333332,308.0
79.57259090909089,171.0
130.6273203365692,110.0
128.1675599400599,140.0
152.55,155.0
170.668208778582,220.0
177.2168536675157,181.0
130.922252527787,307.0
158.5491576945561,75.0
60.0,60.0
172.57570068116434,230.0
524.07,527.0
162.87157142857143,28.0
119.10774408924408,184.0
60.0,60.0
286.3975,342.0
43.87483982683982,6.0
175.2624166651807,50.0
101.69091227270056,75.0
59.41,60.0
143.3049402548141,100.0
236.16022727272733,79.0
123.70769444444443,93.0
60.0,60.0
62.05,60.0
182.71,181.0
60.0,60.0
183.78907831281384,230.0
60.0,60.0
86.31446597846599,460.0
170.6036511767578,220.0
43.80714285714285,73.0
183.35594262148936,130.0
60.0,60.0
36.528333333333336,14.0
44.06718004218004,73.0
60.0,60.0
5.9625,1.0
364.31,500.0
59.42696747696745,23.0
60.0,60.0
62.15417927170868,100.0
119.23,120.0
57.920952380952386,17.0
27.08468253968255,10.0
99.21555405029449,207.0
88.62,90.0
153.34313596929385,70.0
27.00142857142857,27.0
165.840563230356,1.0
405.91707936507936,425.0
60.0,60.0
129.89304702259383,100.0
50.128,28.0
60.0,60.0
115.99,35.0
466.8979468864468,63.0
46.8,15.0
575.18,638.0
66.045,73.0
37.20642857142857,75.0
123.65282609057611,62.0
34.94714285714286,15.0
60.0,60.0
576.565,601.0
145.94559101178731,100.0
33.24142857142857,15.0
59.46,60.0
153.3,150.0
34.14714285714286,15.0
192.28471031512785,50.0
83.47,32.0
67.30218315018315,171.0
458.69857142857137,462.0
144.40851028707164,66.0
75.63233333333332,65.0
61.82,60.0
129.39,130.0
163.81791800516197,35.0
11.578333333333333,30.0
178.0287354501928,100.0
169.61378927694747,230.0
28.282420634920637,10.0
113.61356016648101,75.0
90.7,109.0
20.64633333333333,22.0
154.46766666666667,62.0
149.4402115485994,75.0
75.0,75.0
386.50866666666667,386.0
66.05,65.0
37.61505952380952,242.0
224.92,100.0
96.66607233044734,8.0
418.8228333333333,362.0
145.0,145.0
129.2,130.0
53.846500000000006,28.0
172.32733333333334,146.0
13.74,14.0
410.30098809523804,340.0
50.1,50.0
98.535373015873,235.0
102.23333333333332,100.0
32.74,55.0
173.99394713302428,170.0
60.0,60.0
45.66665579302191,23.0
20.0,20.0
24.7506746031746,10.0
115.37739391164392,410.0
214.15666666666664,211.0
86.04,75.0
58.53666666666666,86.0
47.69160655520952,23.0
351.9795,114.0
46.16550953131834,73.0
171.27633333333333,442.0
185.7975,111.0
97.98374603174604,235.0
53.18666666666667,30.0
245.04,246.0
115.34298631923635,235.0
120.0,120.0
100.0,100.0
78.07073010323012,88.0
384.1,370.0
113.20498606948605,100.0
42.68,15.0
348.5805476190476,75.0
129.89304702259383,66.0
20.612539682539673,40.0
139.31514380229112,230.0
52.15,50.0
60.6,60.0
61.64,60.0
86.45,90.0
21.160714285714285,20.0
195.34929580859455,170.0
158.67134751006571,372.0
106.55648970065884,91.0
443.46,442.0
176.23077867799282,230.0
176.57384191316862,230.0
132.25714553542323,230.0
21.898000000000003,20.0
124.62633730158728,100.0
12.63,12.0
501.75,539.0
65.71,60.0
60.68,63.0
6.38,0.0
60.0,60.0
47.49833333333333,30.0
60.0,60.0
126.0550952380952,410.0
60.0,60.0
60.0,60.0
60.0,60.0
150.42333333333332,138.0
121.24161019576921,230.0
445.3144047619048,514.0
98.88,100.0
60.0,60.0
174.79767600043837,90.0
108.62618348318345,173.0
81.64514285714286,54.0
154.1,155.0
122.62601825951826,100.0
57.09,56.0
140.6313095238095,23.0
58.97916666666667,31.0
60.0,60.0
60.0,60.0
75.0,75.0
74.75488095238093,45.0
80.82,75.0
195.34929580859455,65.0
60.0,60.0
491.5060714285714,514.0
464.49840873015876,63.0
21.94833333333333,20.0
25.66,5.0
100.4443564213564,130.0
45.04950000000001,28.0
140.25829725829726,100.0
284.64,114.0
60.0,60.0
374.6500952380952,70.0
467.43666666666667,484.0
142.88921464646467,171.0
60.0,60.0
60.0,60.0
60.0,60.0
42.18899531024531,60.0
60.0,60.0
100.73,100.0
158.5491576945561,75.0
60.0,60.0
95.28102314352316,656.0
279.6809217587968,431.0
137.62432051282053,189.0
110.15333333333334,75.0
46.54,47.0
141.01090634498803,230.0
75.0,75.0
177.2168536675157,65.0
177.8407435340905,100.0
22.11,20.0
172.57570068116434,282.0
77.21764141414143,2.0
166.36519841269842,100.0
60.0,60.0
91.5049523809524,115.0
82.815,75.0
33.277,1.0
118.88945970695968,410.0
88.44,87.0
153.57,155.0
20.57,20.0
101.69091227270056,359.0
30.325,30.0
33.19583333333333,1.0
20.09,11.0
25.42669047619048,49.0
60.0,60.0
106.7,100.0
178.00116042839144,170.0
135.53888169326038,230.0
125.4378988788989,230.0
90.64339285714284,316.0
61.38,60.0
466.2739801587297,63.0
50.00992063492065,73.0
59.48,60.0
142.13587474146925,230.0
160.17079761904765,100.0
40.86,75.0
175.03209785952967,170.0
60.0,60.0
138.37343980922608,301.0
42.07,30.0
179.6833425957315,170.0
74.27,55.0
60.0,60.0
151.17,150.0
78.72920634920635,45.0
132.9372023809524,100.0
60.0,60.0
15.9,75.0
142.25467626817624,85.0
174.09183694083694,100.0
138.85999281274286,120.0
379.96,386.0
44.06718004218004,73.0
264.695,270.0
121.46510093193469,230.0
221.06,222.0
157.35382469339933,66.0
109.17872061740047,21.0
173.0128452999959,100.0
86.6325,75.0
111.10257016308769,75.0
138.25830467941068,230.0
60.0,60.0
136.02598757004205,241.0
100.0,100.0
60.0,60.0
127.6440151713686,66.0
180.48770028302624,170.0
135.9,155.0
33.91,33.0
20.05,20.0
429.17036904761903,344.0
113.38465620490622,410.0
142.13587474146925,230.0
140.25829725829726,140.0
171.8329271244293,170.0
113.01624469974466,100.0
59.6,60.0
425.21,425.0
304.324,293.0
213.08,212.0
185.5,191.0
31.868928571428565,27.0
174.67144040268784,100.0
98.8,100.0
177.2168536675157,170.0
32.56857142857143,15.0
25.58261904761905,10.0
85.0,85.0
113.0537539266266,166.0
186.61933400036457,65.0
450.0,450.0
229.25,230.0
60.0,60.0
213.79470238095243,16.0
60.0,60.0
34.04,1.0
33.74523809523809,15.0
387.0792023809523,467.0
93.24,91.0
44.52,45.0
108.18620291422853,75.0
165.57524980164283,65.0
59.9,60.0
405.5371428571429,407.0
22.952142857142857,20.0
173.99394713302428,181.0
59.7,60.0
414.5639047619048,516.0
20.0,20.0
1.0,1.0
30.01,30.0
165.81609364736605,192.0
83.99,86.0
59.0,60.0
60.0,60.0
135.18181349206353,60.0
111.10257016308769,75.0
60.0,60.0
155.0,155.0
54.54302777777778,313.0
49.523,28.0
94.85,90.0
443.8448809523809,442.0
75.0,75.0
638.0,638.0
155.45890823275187,284.0
101.69091227270056,207.0
147.5924083694083,356.0
128.3755182796713,75.0
60.0,60.0
132.72693696710064,100.0
200.59559523809526,230.0
100.0,100.0
175.30968997418378,170.0
21.435833333333335,20.0
175.90002609434137,70.0
130.922252527787,75.0
125.69066305916306,66.0
181.0517607863842,230.0
139.097995281638,230.0
313.3747460317461,75.0
180.39,181.0
120.14487577260428,103.0
181.405,121.0
193.4,75.0
176.63667612034178,50.0
60.0,60.0
135.24309848484847,62.0
60.0,60.0
60.0,60.0
377.46,370.0
142.88921464646467,100.0
50.20918867243865,61.0
115.43998737373737,75.0
151.7649308335433,241.0
60.0,60.0
335.885,450.0
60.0,60.0
530.89,559.0
150.94866666666667,177.0
60.0,60.0
47.0,47.0
482.17,539.0
39.87,40.0
40.413809523809526,10.0
122.98509884559883,118.0
50.6955,28.0
135.72623872440434,110.0
336.4825,450.0
74.62,75.0
442.6675,442.0
142.3682611907768,197.0
57.15,34.0
172.5799126984127,121.0
104.8,105.0
175.90002609434137,192.0
175.759571319002,100.0
144.45413156119255,241.0
22.476666666666667,20.0
20.0,20.0
497.43661904761893,451.0
56.654999999999994,1.0
170.83575066334978,65.0
75.0,75.0
425.85333333333335,425.0
178.91520117949466,230.0
60.0,60.0
60.0,60.0
137.54234598734598,85.0
44.06718004218004,23.0
225.72,233.0
79.55233333333334,37.0
166.89,165.0
144.46935787092082,180.0
60.0,60.0
183.78907831281384,90.0
621.8606666666666,621.0
90.90491774891774,140.0
385.6162504440004,519.0
135.78790831390833,100.0
109.72715043290042,173.0
60.0,60.0
453.7271175213675,425.0
434.59160714285696,233.0
30.0,30.0
30.68865079365079,27.0
152.82416666666666,177.0
20.0,20.0
82.14190476190477,45.0
262.4,227.0
160.17079761904765,100.0
165.0003230903889,220.0
507.81,514.0
159.62065486311073,100.0
60.0,60.0
108.5824036796537,173.0
149.56070512820514,78.0
174.67144040268784,220.0
60.05,60.0
88.15777777777777,32.0
113.0537539266266,25.0
138.35139971139972,100.0
145.40831155364242,230.0
139.5705939987403,180.0
128.69604516266332,167.0
250.45805555555552,230.0
60.45,60.0
59.05,60.0
117.75092798867801,75.0
116.32457647907646,62.0
53.33648809523809,41.0
150.0518847389499,192.0
35.89,9.0
586.4166666666667,638.0
76.56333333333333,28.0
125.23197222222223,15.0
139.5705939987403,100.0
67.17,60.0
94.78954148629151,66.0
60.0,60.0
77.21764141414143,20.0
168.9795,233.0
60.0,60.0
20.0,20.0
60.0,60.0
12.63,12.0
132.68,130.0
146.85719351259334,192.0
60.0,60.0
44.30333333333334,45.0
153.2957450289748,282.0
150.09883206169474,53.0
284.78,285.0
35.58726190476191,55.0
433.6316666666667,427.0
181.0951936839223,100.0
25.151666666666664,20.0
147.39897215383516,100.0
48.75,28.0
458.33333333333337,457.0
60.0,60.0
60.0,60.0
60.27,60.0
60.0,60.0
200.6231666666667,27.0
30.61,30.0
75.0,75.0
31.53,34.0
31.656666666666666,75.0
49.8,50.0
114.69523593073592,130.0
75.0,75.0
445.82550793650785,329.0
270.3181666666668,75.0
99.21555405029449,75.0
13.79,1.0
175.03209785952967,100.0
170.01466926550398,100.0
57.67,60.0
124.62633730158728,307.0
60.0,60.0
386.02573809523824,467.0
63.20333333333333,20.0
147.24416666666667,510.0
92.27369841269845,140.0
60.0,60.0
180.6582503676664,170.0
82.56,65.0
78.34,75.0
33.255714285714284,15.0
423.15,425.0
60.0,60.0
37.89,30.0
60.0,60.0
250.04,281.0
60.0,60.0
29.001666666666665,27.0
90.18952380952382,2.0
416.1027142857144,340.0
86.87666666666667,75.0
87.6,90.0
74.87,65.0
20.9325,20.0
77.485,60.0
259.5626428571429,442.0
103.25,100.0
65.65,65.0
161.90044505494507,356.0
118.6,120.0
188.99,230.0
95.16156207379578,120.0
174.03680419559842,50.0
171.5726006843827,100.0
49.11333333333334,40.0
102.08890873015872,211.0
151.64666666666665,177.0
144.40851028707164,230.0
60.0,60.0
136.61,130.0
448.05833333333334,440.0
92.32665476190476,83.0
170.6036511767578,100.0
60.0,60.0
189.4528571428572,301.0
60.0,60.0
16.038095238095238,10.0
47.36571428571428,18.0
61.8,65.0
19.99,20.0
118.6907626262626,230.0
48.5,33.0
149.09599206349208,100.0
282.86,285.0
527.84,528.0
60.0,60.0
60.0,60.0
123.95866744366744,100.0
174.024,111.0
135.70429609279617,16.0
177.3703888888889,96.0
172.04318674574475,230.0
132.0542640692641,48.0
112.16234526102276,75.0
97.4,100.0
33.675,55.0
98.87,100.0
16.864999999999995,40.0
146.49095389037294,75.0
60.0,60.0
146.02583095040754,35.0
60.0,60.0
165.0003230903889,170.0
60.08931818181818,60.0
100.0,100.0
69.79,75.0
90.28869047619048,5.0
64.32176032301031,67.0
158.67134751006571,282.0
84.16537179487179,60.0
46.6,40.0
150.0518847389499,282.0
112.16234526102276,75.0
105.20825731273337,25.0
99.21555405029449,75.0
59.806000000000004,60.0
539.5888333333334,559.0
151.7649308335433,110.0
164.7524894241895,282.0
661.0,661.0
49.8275,50.0
30.0,30.0
45.885,22.0
139.47111990786993,130.0
59.04,60.0
95.80156349206347,122.0
180.6582503676664,230.0
46.365,56.0
234.6275,329.0
135.88215734265734,16.0
119.08634277650454,100.0
111.10257016308769,75.0
68.76666666666667,75.0
425.9713333333334,425.0
233.4,235.0
438.3856666666667,516.0
60.0,60.0
79.29333333333334,177.0
40.09,15.0
1380.0,1380.0
186.61933400036457,50.0
144.28776730725411,113.0
132.80056857031857,62.0
106.32199999999999,190.0
127.07243650793652,106.0
122.71970824428408,113.0
18.3225,14.0
177.8407435340905,170.0
229.25,230.0
60.0,60.0
109.17872061740047,75.0
172.88332747952023,70.0
149.70779761904762,140.0
107.89727546986282,359.0
31.3,30.0
127.33196780117845,301.0
60.0,60.0
99.21555405029449,75.0
60.0,60.0
72.16,73.0
164.28,181.0
69.33664285714286,60.0
145.61975793650797,75.0
24.933666666666667,22.0
269.93591136373755,431.0
163.48777552682319,170.0
115.64723154623157,62.0
173.15,145.0
147.3340651594218,167.0
39.47083333333333,75.0
139.55197026569923,197.0
175.4024431962946,100.0
79.26,75.0
138.23146165167546,241.0
109.17872061740047,75.0
137.66761772618509,230.0
60.0,60.0
170.8295238095238,83.0
27.042142857142856,27.0
65.85933333333332,180.0
141.4598015873016,130.0
87.97229287379285,90.0
99.44617923742925,140.0
111.10257016308769,75.0
213.79470238095243,40.0
158.0303697936051,180.0
322.35166666666663,450.0
296.8808333333333,214.0
355.31082142857144,646.0
24.889047619047616,30.0
135.92303715728715,66.0
177.89960785632394,100.0
409.595,412.0
61.86666666666667,86.0
172.98216138042352,282.0
355.31082142857144,488.0
113.29015476190482,110.0
286.3975,237.0
473.73833333333334,451.0
26.66607142857142,10.0
30.0,30.0
127.61529761904761,85.0
251.66895848595857,431.0
488.28,544.0
101.69091227270056,75.0
95.16156207379578,82.0
165.20255652311826,282.0
115.43998737373737,75.0
50.0,50.0
60.0,60.0
189.60773751248746,361.0
94.08709024309024,130.0
49.7525,28.0
170.6036511767578,170.0
60.0,60.0
171.83227242596692,50.0
20.241666666666667,20.0
75.0,75.0
21.12,20.0
115.84522727272729,230.0
498.43,539.0
128.35671635895125,75.0
79.02,109.0
60.0,60.0
108.07,108.0
60.0,60.0
125.1425,69.0
58.72,60.0
184.5521372929788,90.0
208.28194541569536,431.0
269.93591136373755,114.0
165.0,165.0
30.0,30.0
156.38268961267187,372.0
135.79661552336552,100.0
179.12348289335034,230.0
32.95,30.0
144.45413156119255,100.0
169.5,207.0
31.24333333333333,1.0
104.15,105.0
30.17,30.0
60.0,60.0
109.17872061740047,75.0
75.16,75.0
137.6147380952381,90.0
39.49297619047619,31.0
176.61927935741593,170.0
41.57,40.0
65.51879365079365,67.0
73.26,73.0
165.08182090279593,100.0
51.17,50.0
149.90218165168164,181.0
21.081999999999997,22.0
177.2168536675157,100.0
163.1792911339886,284.0
25.49,20.0
154.43241774140594,60.0
417.5420833333334,404.0
54.776535353535365,310.0
70.36,70.0
53.831115412365406,23.0
30.0,30.0
42.44642857142857,15.0
44.88333333333334,45.0
60.0,60.0
155.53998077512958,180.0
26.54,20.0
326.46,324.0
60.0,60.0
192.35196657961444,50.0
154.36276115411596,100.0
20.2,20.0
79.47666666666667,75.0
27.865952380952375,10.0
82.45255555555553,173.0
75.0,75.0
422.50333333333333,397.0
58.95,60.0
201.13333333333333,301.0
31.22,1.0
96.64526454101453,130.0
154.36276115411596,113.0
136.42480760374593,180.0
165.57524980164283,372.0
22.225357142857142,20.0
75.546,75.0
288.08,285.0
186.70833333333331,95.0
99.49142857142857,75.0
139.47111990786993,100.0
294.75,444.0
279.994,263.0
11.866666666666665,40.0
175.30968997418378,65.0
443.02,447.0
58.84559135309136,60.0
60.678690476190475,60.0
186.54730952380953,442.0
165.6,170.0
560.9310714285715,526.0
60.0,60.0
241.39,245.0
20.05,20.0
347.3483928571429,646.0
412.95,412.0
352.77289285714295,61.0
175.90002609434137,230.0
100.4443564213564,62.0
138.85200432900433,100.0
51.06,28.0
81.47,75.0
352.77289285714295,15.0
49.71,50.0
75.61420238095238,281.0
223.08,240.0
98.55,100.0
60.0,60.0
87.14,75.0
615.9713333333334,638.0
158.5491576945561,208.0
65.0,65.0
393.76158333333325,362.0
60.0,60.0
30.0,30.0
100.02735225885226,173.0
22.39547619047619,22.0
35.075,55.0
60.0,60.0
60.0,60.0
244.725,230.0
20.15,20.0
95.63016713841715,316.0
150.54735714285715,90.0
169.61378927694747,282.0
60.0,60.0
236.81625,230.0
62.71,60.0
58.65,60.0
392.2186666666667,386.0
79.38166666666666,109.0
193.104,431.0
153.66,155.0
22.26,20.0
99.31,100.0
44.02,30.0
429.4423373015874,344.0
105.08950431322636,75.0
34.06583333333332,10.0
533.2997976190477,390.0
37.61505952380952,18.0
151.64385869497045,100.0
130.922252527787,75.0
26.18571428571429,10.0
72.22,73.0
60.3,60.0
45.238,60.0
192.35196657961444,90.0
32.92133333333333,130.0
12.0,12.0
175.2624166651807,192.0
31.52714285714286,27.0
168.1,173.0
112.16234526102276,75.0
163.48777552682319,230.0
92.27369841269845,10.0
174.79767600043837,372.0
60.0,60.0
459.04458333333326,462.0
571.61,514.0
144.71353968253965,93.0
87.84986580086579,173.0
60.0,60.0
35.58726190476191,28.0
134.6584126984127,140.0
26.76,30.0
115.16313031413036,62.0
180.6582503676664,70.0
246.0,246.0
196.74,197.0
63.70428571428572,67.0
35.47271428571429,15.0
84.66,177.0
391.13916666666665,366.0
169.8379248848865,130.0
100.0,100.0
164.7524894241895,170.0
30.3,30.0
51.615,60.0
414.9062142857143,475.0
438.9952380952381,427.0
40.3,40.0
75.0,75.0
59.650833333333345,75.0
58.5,60.0
507.615,512.0
89.31679761904765,32.0
147.04467987773012,66.0
73.15,73.0
141.29,100.0
443.2719166666666,1.0
53.831115412365406,23.0
155.45890823275187,282.0
139.81474426802987,230.0
147.20639221975145,110.0
141.67919444444445,110.0
99.21555405029449,75.0
60.0,60.0
120.76037844100343,230.0
146.02583095040754,180.0
139.55197026569923,53.0
20.423333333333336,20.0
60.0,60.0
35.55607142857143,10.0
169.61378927694747,181.0
30.0,30.0
75.41,171.0
9.72,1.0
113.09190476190473,45.0
90.7,90.0
45.0,45.0
172.74509211756924,282.0
206.25483333333332,33.0
149.93110261960268,146.0
73.41,73.0
163.81791800516197,66.0
101.77166666666666,80.0
135.35735002849742,301.0
145.0,145.0
622.4760000000001,621.0
152.9784091864018,100.0
101.06733333333334,115.0
160.21666666666667,40.0
85.6,80.0
222.51,230.0
202.11309523809518,260.0
59.42696747696745,23.0
123.78503571428571,100.0
60.0,60.0
158.0303697936051,35.0
154.44056145278012,66.0
99.75,100.0
246.0,246.0
111.98883333333335,17.0
177.4,181.0
103.45457936507941,62.0
31.76,30.0
91.20466870629367,100.0
27.47,30.0
60.14,60.0
60.0,60.0
57.25,60.0
46.5415,30.0
60.0,60.0
60.65,60.0
111.86713872238869,173.0
60.0,60.0
151.68426936847592,100.0
60.0,60.0
40.413809523809526,10.0
75.0,75.0
80.53,60.0
60.0,60.0
151.64385869497045,113.0
35.39857142857143,15.0
61.15,60.0
136.3749062049062,350.0
32.19285714285714,15.0
90.90491774891774,235.0
50.0,50.0
60.0,60.0
142.74,143.0
175.20847183372186,16.0
66.67249999999999,23.0
105.97052267189923,75.0
180.48770028302624,230.0
11.644126984126983,40.0
23.115714285714283,75.0
175.03209785952967,65.0
155.46473586720484,170.0
118.82509906759906,130.0
210.72,212.0
177.12299832834,282.0
123.70769444444443,410.0
113.09190476190473,5.0
133.0741825580568,180.0
131.29800000000003,23.0
100.0,100.0
60.0,60.0
95.28102314352316,20.0
38.312595238095234,56.0
121.46510093193469,230.0
83.24,109.0
178.64786063984647,170.0
142.20826939726936,130.0
59.77833333333333,55.0
130.922252527787,75.0
172.98216138042352,130.0
166.0,173.0
97.82833333333333,75.0
241.67930735930736,100.0
40.0,40.0
49.67316666666667,28.0
32.99142857142857,15.0
39.26,40.0
60.0,60.0
73.93316666666666,52.0
59.99,60.0
381.8683333333333,412.0
60.0,60.0
130.922252527787,1.0
59.9,60.0
134.83,137.0
63.04,60.0
105.97052267189923,75.0
20.34,20.0
87.98687810051557,75.0
60.0,60.0
437.9939166666666,233.0
128.3755182796713,307.0
71.48234404484406,13.0
135.35735002849742,113.0
118.07034981684977,66.0
35.28,20.0
105.08950431322636,75.0
125.13378503441007,75.0
355.31082142857144,519.0
133.50009887334886,66.0
128.35671635895125,100.0
149.09599206349208,350.0
536.875,601.0
107.89727546986282,21.0
50.85744002729296,23.0
215.8299735449735,230.0
516.7591288433789,634.0
54.776535353535365,316.0
145.40831155364242,113.0
127.6440151713686,230.0
101.69091227270056,207.0
60.0,60.0
121.77968253968258,118.0
118.57011377511375,66.0
443.2719166666666,638.0
142.3015,40.0
167.7671680249146,113.0
20.635,20.0
106.67,100.0
286.37,285.0
46.95505185500181,49.0
41.55,40.0
139.05586219336226,100.0
32.6,3.0
99.49142857142857,75.0
99.61757331557335,140.0
60.0,60.0
26.910833333333326,10.0
96.14254901960783,75.0
140.7947866334302,241.0
149.29466666666667,130.0
915.51,897.0
122.62601825951826,66.0
208.0961222943723,130.0
540.665,601.0
50.16577688394019,23.0
467.99,480.0
398.8644642857143,399.0
35.75339926739927,6.0
94.78954148629151,235.0
137.66761772618509,197.0
117.7915753968254,100.0
218.7,230.0
349.2129404761904,519.0
60.0,60.0
210.78,211.0
12.0,12.0
51.46,60.0
45.79333333333333,15.0
93.1,80.0
60.0,60.0
175.30968997418378,282.0
195.34929580859455,90.0
109.17872061740047,75.0
149.57571428571427,210.0
60.0,60.0
75.0,75.0
221.89,224.0
180.6582503676664,192.0
107.81,108.0
148.56041092241094,75.0
150.0518847389499,372.0
113.0537539266266,21.0
30.385,30.0
122.15649777561798,307.0
149.56070512820514,542.0
112.16234526102276,75.0
89.7,90.0
109.407570984571,140.0
75.31,75.0
42.1685,28.0
154.36276115411596,66.0
27.04,10.0
113.64271212121216,164.0
60.0,60.0
30.3,30.0
229.44214285714278,90.0
27.192261904761907,10.0
175.2624166651807,170.0
122.8136507936508,170.0
78.58,75.0
165.70612465149227,100.0
60.0,60.0
102.00663059163057,146.0
106.48998326673323,140.0
68.17,75.0
135.72623872440434,113.0
103.45457936507941,235.0
82.66,75.0
205.47370178840774,285.0
56.22893939393939,45.0
77.5975,60.0
110.09072005772008,100.0
62.32,60.0
425.0,425.0
139.05586219336226,130.0
39.66,40.0
178.13400000000004,31.0
60.0,60.0
29.04071428571428,75.0
101.69091227270056,75.0
55.40996825396825,75.0
450.0,450.0
76.05,75.0
22.814333333333334,20.0
516.7591288433789,634.0
60.0,60.0
190.86392784992785,40.0
136.91,100.0
178.07847914352817,50.0
174.67144040268784,372.0
66.61180652680653,60.0
279.34,263.0
121.75253968253972,100.0
169.05,170.0
94.08709024309024,235.0
140.67466257138977,230.0
168.31,170.0
472.8518333333334,379.0
100.0,100.0
175.03209785952967,282.0
443.4388214285713,514.0
155.46473586720484,282.0
100.3,100.0
75.0,75.0
43.80714285714285,23.0
152.52133903592105,197.0
233.4,235.0
177.12299832834,230.0
175.23535430524961,170.0
131.00928232931236,230.0
118.88945970695968,59.0
60.0,60.0
377.25,366.0
129.89304702259383,197.0
104.55266486291487,173.0
43.62997495968085,43.0
244.92100000000005,75.0
599.4455,627.0
60.0,60.0
64.19483333333334,60.0
114.26107142857146,140.0
181.0517607863842,130.0
30.0,30.0
180.6582503676664,230.0
106.04456168831167,173.0
441.82466666666653,233.0
102.86,105.0
37.745000000000005,15.0
23.55142857142857,20.0
73.1112438949939,16.0
61.235,20.0
125.23197222222223,31.0
60.9,60.0
60.0,60.0
12.0,12.0
169.8379248848865,100.0
458.8376666666666,458.0
60.0,60.0
108.18775419896954,166.0
249.72666666666663,154.0
100.38127994227997,235.0
139.4375491452992,184.0
100.0,100.0
23.57166666666667,20.0
159.54443369874016,230.0
60.64,60.0
169.0037707719002,207.0
60.0,60.0
105.08950431322636,75.0
158.57,145.0
105.46076086956522,100.0
34.6445,55.0
455.1926666666666,432.0
60.0,60.0
60.0,60.0
42.07,1.0
12.0,12.0
122.47232908676283,75.0
135.72623872440434,230.0
167.44035780563016,90.0
60.0,60.0
167.343917027417,75.0
244.92100000000005,442.0
65.10399278499278,31.0
106.04456168831167,130.0
179.6833425957315,90.0
26.938333333333336,27.0
131.335,100.0
40.35,40.0
101.69091227270056,160.0
81.10166666666667,75.0
90.19,60.0
134.49,140.0
27.079523809523806,10.0
184.98666666666668,260.0
148.74680854083886,75.0
122.71970824428408,197.0
130.922252527787,75.0
437.9939166666666,488.0
211.12,60.0
161.25283333333337,120.0
22.05892857142857,10.0
195.34929580859455,220.0
552.47,559.0
136.99999999999997,62.0
210.16,212.0
148.74680854083886,100.0
60.0,60.0
75.8,28.0
68.34,73.0
62.07,65.0
100.78371428571431,115.0
122.15649777561798,75.0
75.0,75.0
115.29,75.0
60.0,60.0
120.0,120.0
59.31,60.0
107.68247072372071,140.0
58.33392857142857,460.0
172.4525,146.0
21.26366666666667,20.0
145.0,145.0
95.80156349206347,226.0
75.34153846153846,75.0
138.85999281274286,130.0
121.75253968253972,230.0
60.0,60.0
57.6025,60.0
115.52526587301588,9.0
120.79840818903314,130.0
148.89999783549783,75.0
61.66,60.0
75.0,75.0
506.46,532.0
142.58,143.0
182.66,191.0
153.8731632909574,180.0
135.39123156010916,208.0
147.79919267055823,113.0
145.48047619047614,100.0
150.1,150.0
173.41326749740477,100.0
143.25,137.0
60.0,60.0
369.65,370.0
59.98,60.0
100.0,100.0
40.6,40.0
11.92,40.0
172.74509211756924,100.0
30.6,30.0
166.22496388975807,282.0
38.49472619047619,31.0
1.72,1.0
60.0,60.0
60.0,60.0
59.70107142857143,60.0
416.25297619047626,305.0
168.31,170.0
81.98,92.0
118.71535714285716,211.0
75.0,75.0
69.50777777777778,60.0
20.07,20.0
105.97052267189923,21.0
138.35139971139972,223.0
20.5,20.0
111.42199999999998,17.0
146.85719351259334,100.0
106.55648970065884,88.0
29.22,30.0
173.74,170.0
79.48333333333333,75.0
114.67,28.0
136.97514430014425,130.0
171.45766666666665,552.0
151.46733333333333,28.0
109.12638095238097,17.0
146.02583095040754,301.0
554.39,559.0
158.67134751006571,130.0
477.23949999999996,451.0
73.16205228105227,2.0
305.6741666666666,214.0
60.0,60.0
123.64587423687425,140.0
177.12299832834,130.0
3.395,1.0
425.83333333333326,305.0
134.11395815295813,140.0
181.2613906327877,50.0
503.27666666666664,512.0
60.0,60.0
159.62065486311073,197.0
172.47415710428876,282.0
133.0741825580568,167.0
166.83376279525575,372.0
60.0,60.0
60.0,60.0
137.53098437391128,230.0
75.0,75.0
60.0,60.0
113.0537539266266,160.0
160.03285714285713,167.0
30.548333333333336,75.0
450.0,450.0
144.46935787092082,197.0
110.64,75.0
405.96240476190474,362.0
168.49121464646458,146.0
159.54443369874016,113.0
164.7524894241895,230.0
156.42698412698405,40.0
58.53,60.0
60.0,60.0
49.7125,28.0
60.0,60.0
73.20883333333332,100.0
165.21541840168334,181.0
46.7549159174159,73.0
120.22213948959535,62.0
58.33392857142857,90.0
60.0,60.0
31.1,30.0
32.0,30.0
60.0,60.0
60.13451803751805,100.0
660.68,661.0
48.8675,50.0
128.15500000000003,130.0
167.7671680249146,110.0
177.4403570100349,220.0
377.0266666666667,412.0
101.69091227270056,75.0
72.69050793650794,32.0
172.57570068116434,192.0
154.43241774140594,70.0
113.0537539266266,63.0
59.5,60.0
75.0,75.0
177.12299832834,170.0
137.66761772618509,100.0
444.085,442.0
484.55,484.0
60.0,60.0
98.9083935786436,130.0
127.33196780117845,100.0
15.74,75.0
59.7,60.0
22.723333333333336,20.0
60.0,60.0
141.67919444444445,171.0
60.25,60.0
75.88,61.0
26.3975,10.0
48.37571428571428,14.0
621.8566666666667,625.0
44.25,45.0
70.20466977466978,33.0
24.92,20.0
181.0951936839223,90.0
59.9,60.0
124.43610129438841,230.0
146.02583095040754,100.0
69.37,75.0
24.33,14.0
71.88250000000001,60.0
23.115714285714283,15.0
62.19,15.0
30.0,30.0
137.53098437391128,197.0
20.2,20.0
145.48047619047614,140.0
64.2,60.0
60.0,60.0
29.16633333333333,22.0
153.2957450289748,230.0
30.3,30.0
470.972,451.0
112.16234526102276,75.0
99.75,100.0
163.1792911339886,100.0
452.88,484.0
60.0,60.0
227.65,230.0
78.11835317460319,21.0
145.37625396825396,115.0
228.1,230.0
412.3107619047619,409.0
153.8731632909574,350.0
70.35,75.0
60.0,60.0
26.736428571428572,10.0
203.8325,419.0
153.2957450289748,372.0
479.2235476190475,379.0
161.90044505494507,351.0
60.4825,52.0
159.54443369874016,110.0
605.8413333333333,1.0
146.85719351259334,230.0
60.0,60.0
267.0,267.0
414.2092142857143,399.0
434.67350000000005,329.0
60.0,60.0
172.57570068116434,170.0
42.23,40.0
36.40271428571428,32.0
81.31401861373922,56.0
63.498492063492066,60.0
117.91164551413857,21.0
213.36,211.0
88.56,82.0
11.32,1.0
61.1,60.0
105.97052267189923,75.0
349.2129404761904,488.0
522.519,535.0
78.38844866734573,66.0
50.2,50.0
60.0,60.0
181.01525639109775,230.0
75.315,75.0
40.0,40.0
23.631428571428568,22.0
214.15666666666664,211.0
38.49472619047619,32.0
101.33433333333332,308.0
452.3729761904762,562.0
93.33608710630617,208.0
181.2613906327877,230.0
127.70599999999996,167.0
60.0,60.0
11.578333333333333,40.0
40.413809523809526,30.0
147.44733493716467,60.0
532.42,529.0
32.781176470588235,30.0
429.8171953601954,425.0
60.0,60.0
27.07,27.0
112.16234526102276,75.0
30.640476190476193,30.0
166.83376279525575,65.0
199.73666666666668,99.0
129.89304702259383,241.0
101.69091227270056,160.0
124.74755988455992,92.0
20.43,20.0
386.87300000000005,386.0
88.45,89.0
60.0,60.0
122.98509884559883,122.0
123.57392052392056,10.0
60.0,60.0
60.0,60.0
60.0,60.0
132.4718297258298,130.0
154.2,155.0
115.934,552.0
128.35671635895125,307.0
145.0,145.0
31.57142857142857,15.0
60.0,60.0
134.81619869006983,66.0
132.25714553542323,100.0
73.27,73.0
58.64,60.0
60.0,60.0
12.0,12.0
12.0,12.0
3.31,1.0
30.0,30.0
144.28776730725411,70.0
396.4704523809524,646.0
106.40976190476192,205.0
171.45766666666665,40.0
53.54,120.0
142.4807008339819,197.0
60.0,60.0
107.89727546986282,75.0
65.13901190476193,62.0
65.0,65.0
61.1,60.0
51.07027251244628,75.0
13.957619047619048,10.0
140.67466257138977,100.0
31.953333333333333,56.0
151.7649308335433,60.0
165.20255652311826,230.0
304.69864519955297,431.0
88.18111111111111,51.0
313.61394047619046,75.0
64.32176032301031,67.0
226.91,230.0
177.8407435340905,192.0
117.9,75.0
130.57808968808965,120.0
124.62633730158728,75.0
23.631428571428568,20.0
141.31,75.0
24.508571428571432,20.0
523.0166666666668,527.0
24.35,20.0
135.87890605040252,100.0
101.69091227270056,359.0
60.0,60.0
60.0,60.0
432.8568452380952,427.0
195.34929580859455,100.0
553.9,559.0
19.99563492063492,10.0
161.7579325396826,75.0
60.0,60.0
46.84238095238096,56.0
430.76459992784993,233.0
138.25830467941068,53.0
257.0125,285.0
181.0,181.0
122.82521464646469,60.0
37.356428571428566,15.0
94.78954148629151,140.0
889.6,897.0
35.31595238095238,15.0
85.0,85.0
223.89559379509382,115.0
323.7,202.0
232.8857142857143,180.0
86.57,90.0
172.5799126984127,316.0
463.36566666666664,480.0
116.32457647907646,140.0
99.21555405029449,166.0
35.16,30.0
60.0,60.0
113.45683333333335,281.0
127.6440151713686,301.0
118.74011183261186,223.0
181.2613906327877,170.0
621.22,625.0
60.0,60.0
170.0,170.0
91.20466870629367,235.0
496.2066666666667,532.0
506.1075,532.0
172.5799126984127,34.0
116.1273593351093,130.0
186.0,186.0
131.61848934837093,103.0
59.9,60.0
47.874833333333335,50.0
105.72,7.0
51.373125,48.0
60.0,60.0
99.5,100.0
131.07511145690506,230.0
93.33608710630617,307.0
34.780238095238104,10.0
135.09920509082423,100.0
135.72623872440434,230.0
88.50666666666667,103.0
92.56,90.0
148.74680854083886,1.0
60.0,60.0
229.84,233.0
61.09,61.0
130.20949623919475,75.0
113.8653812012366,75.0
20.857333333333337,22.0
147.18286775161846,100.0
223.91333333333338,329.0
230.0,230.0
236.16022727272733,130.0
35.54785714285714,15.0
58.86,60.0
105.18573770673773,226.0
353.77,202.0
117.91164551413857,75.0
97.92666666666668,100.0
187.72,191.0
16.82880952380952,40.0
60.0,60.0
109.99117679705918,100.0
114.2,120.0
170.0,160.0
112.16234526102276,75.0
100.0,100.0
60.0,60.0
17.24,75.0
30.2,30.0
23.55142857142857,20.0
136.11742797018798,180.0
132.80056857031857,130.0
31.22,1.0
106.34453571428577,410.0
43.544,50.0
97.98374603174604,100.0
141.44439951714955,85.0
251.66895848595857,431.0
60.0,60.0
73.819,75.0
60.0,60.0
67.5250261127761,31.0
158.0303697936051,110.0
63.70428571428572,65.0
142.4807008339819,100.0
385.423,404.0
167.44035780563016,230.0
298.8175,255.0
60.0,60.0
29.97,30.0
24.36,20.0
30.92,30.0
72.74292857142858,41.0
245.0,245.0
75.1,75.0
185.26,186.0
138.25830467941068,180.0
117.91164551413857,75.0
30.0,30.0
111.6562416464255,100.0
372.86,370.0
20.862142857142853,22.0
82.45255555555553,10.0
60.0,60.0
20.53,20.0
183.78907831281384,65.0
59.2,60.0
180.8586709719406,50.0
50.448214285714286,28.0
124.43610129438841,301.0
135.92303715728715,10.0
60.15,60.0
175.03209785952967,192.0
60.0,60.0
111.10257016308769,63.0
180.8586709719406,130.0
269.93591136373755,114.0
413.76366666666667,416.0
143.07466666666664,510.0
73.66,75.0
60.0,60.0
30.77,30.0
60.0,60.0
140.7947866334302,100.0
58.91548701298701,60.0
112.85521176046176,100.0
38.9,35.0
60.0,60.0
50.00992063492065,23.0
121.24161019576921,180.0
120.36,128.0
268.528,287.0
438.7620952380952,440.0
136.13247665157343,230.0
146.4,180.0
181.0517607863842,170.0
98.535373015873,100.0
141.4598015873016,62.0
87.33031892943656,656.0
167.66090795182964,282.0
126.0550952380952,40.0
529.4085,429.0
62.37333333333333,60.0
459.16799999999995,401.0
2.48,1.0
59.41,60.0
60.0,60.0
60.0,60.0
47.703500000000005,28.0
43.9,15.0
60.0,60.0
183.23012829124812,65.0
60.0,60.0
60.0,60.0
179.12348289335034,90.0
21.47833333333333,20.0
177.2168536675157,282.0
45.0,45.0
401.695,1.0
156.80333333333334,122.0
30.0,30.0
60.0,60.0
29.9,30.0
279.414,263.0
60.0,60.0
31.52,30.0
60.0,60.0
60.0,60.0
5.62,1.0
105.08950431322636,207.0
129.8540158730159,120.0
60.0,60.0
259.53983333333326,442.0
103.87700000000001,17.0
183.61470015950644,90.0
29.05,1.0
429.81,427.0
159.62065486311073,35.0
1154.36,1212.0
1.0,1.0
444.7716666666667,442.0
29.428,27.0
19.195,30.0
48.7975,50.0
109.07833333333332,112.0
75.0,75.0
148.97731601731599,350.0
59.042,56.0
100.2,100.0
121.81995851370856,140.0
539.4616666666666,559.0
62.29,60.0
60.0,60.0
154.43241774140594,230.0
74.7,75.0
109.17872061740047,75.0
383.993465978466,488.0
60.0,60.0
60.15,60.0
43.39833333333334,50.0
82.25,75.0
150.80645629548056,35.0
60.0,60.0
73.1112438949939,21.0
176.61927935741593,100.0
43.79,40.0
62.04516666666667,308.0
170.01466926550398,170.0
139.19008384695724,301.0
75.0,75.0
30.72,30.0
105.07,105.0
588.0625,526.0
169.48616555915706,230.0
112.03598348873345,100.0
97.95141819291821,100.0
61.47,60.0
24.773333333333333,30.0
140.48217765567767,181.0
155.5515644848291,60.0
65.22,60.0
138.85200432900433,130.0
175.23535430524961,100.0
20.0,20.0
278.32464285714286,257.0
112.16234526102276,75.0
31.41,30.0
151.65,155.0
177.36344637783208,230.0
42.44642857142857,15.0
422.6706785714286,233.0
58.2,60.0
372.3704761904762,488.0
173.41326749740477,100.0
112.08542262965791,367.0
128.69604516266332,197.0
75.0,75.0
178.13400000000004,15.0
72.50442424242425,320.0
60.0,60.0
82.45255555555553,140.0
92.15615584415583,235.0
60.0,60.0
101.69091227270056,63.0
98.9083935786436,173.0
72.97,73.0
135.39123156010916,100.0
60.0,60.0
38.033571428571435,15.0
38.8175,30.0
25.42669047619048,554.0
47.36571428571428,7.0
75.0,75.0
155.46473586720484,372.0
101.69091227270056,75.0
282.62714285714287,488.0
131.50637806637803,140.0
283.35,285.0
60.0,60.0
145.61975793650797,120.0
319.3466666666667,324.0
115.16313031413036,130.0
515.4043333333334,63.0
79.315,75.0
60.0,60.0
175.42383031549355,230.0
60.0,60.0
59.03,60.0
57.55,60.0
466.7925,612.0
183.78907831281384,220.0
132.25714553542323,241.0
170.36,173.0
132.72693696710064,180.0
181.0,181.0
362.8183809523809,340.0
60.0,60.0
115.445,120.0
165.57524980164283,170.0
75.0,75.0
43.98349999999999,55.0
150.80645629548056,301.0
101.27799999999999,100.0
64.9,60.0
168.54752705627703,510.0
117.48047619047618,223.0
61.61083921633921,60.0
113.0537539266266,25.0
92.49426792651792,235.0
60.0,60.0
63.53303030303031,122.0
47.97,47.0
114.65,115.0
101.69091227270056,75.0
184.7556572871573,100.0
139.5705939987403,230.0
126.53011904761905,75.0
141.62680126627902,241.0
523.82,528.0
58.88,60.0
419.7936428571429,340.0
27.149047619047618,10.0
103.45457936507941,66.0
57.04,50.0
125.6082142857143,75.0
31.7,30.0
102.04,132.0
60.0,60.0
45.0,45.0
196.31,197.0
442.14,447.0
16.120476190476197,40.0
75.0,75.0
101.69091227270056,75.0
157.2392765649383,301.0
369.92,370.0
87.84986580086579,100.0
66.85,65.0
140.15475838107423,60.0
117.7915753968254,130.0
78.38844866734573,298.0
43.66,75.0
1.0,1.0
60.0,60.0
123.57392052392056,130.0
7.516,5.0
75.0,75.0
99.21555405029449,75.0
176.23077867799282,90.0
105.97052267189923,359.0
60.0,60.0
60.0,60.0
178.07847914352817,230.0
60.33,60.0
123.05171428571428,146.0
71.73273809523809,130.0
178.0287354501928,282.0
184.7556572871573,100.0
98.425,100.0
56.164880952380955,500.0
16.7,9.0
33.016309523809525,55.0
170.0,170.0
60.0,60.0
183.23012829124812,230.0
21.07166666666667,10.0
42.68,15.0
55.40996825396825,75.0
123.87461868686869,320.0
60.0,60.0
161.43536558589255,220.0
144.45413156119255,70.0
174.72772499760765,100.0
91.45740728715731,310.0
139.6495812798313,100.0
60.0,60.0
64.04635714285715,350.0
75.19666666666667,75.0
233.4,235.0
106.61276190476192,62.0
60.0,60.0
96.53586507936507,75.0
63.3,67.0
22.1,20.0
115.43998737373737,75.0
139.55197026569923,100.0
123.05171428571428,93.0
72.38391699966702,21.0
25.643333333333338,10.0
34.411428571428566,15.0
371.78071386946397,120.0
491.61,500.0
183.77,181.0
69.2746746031746,30.0
60.0,60.0
282.62714285714287,646.0
165.840563230356,75.0
196.7732857142857,93.0
75.6,75.0
151.68426936847592,100.0
139.31514380229112,180.0
576.565,526.0
111.10257016308769,359.0
210.36,212.0
404.2425833333333,399.0
224.01516414141417,492.0
135.09920509082423,280.0
94.70392171717172,173.0
176.63667612034178,220.0
456.8719761904763,329.0
33.0,30.0
61.26,60.0
129.89304702259383,301.0
46.9335,22.0
153.8731632909574,100.0
141.06011133311134,100.0
138.25830467941068,230.0
132.90422077922076,75.0
14.65,14.0
157.2392765649383,53.0
32.0325,55.0
60.69,56.0
99.56,100.0
250.93414285714283,120.0
39.052857142857135,15.0
181.01525639109775,100.0
359.7366666666666,370.0
371.6599415584415,646.0
153.8731632909574,230.0
226.31166666666664,329.0
185.99909869590024,284.0
163.9127512872548,282.0
75.61420238095238,75.0
77.78253968253969,106.0
421.4712222222222,103.0
126.21559812409814,62.0
60.0,60.0
123.95866744366744,223.0
60.0,60.0
108.18775419896954,160.0
329.31,324.0
48.59,45.0
94.70392171717172,130.0
105.0,105.0
245.04,246.0
150.94700252525251,100.0
74.11160714285715,60.0
293.935,342.0
263.3941666666667,214.0
157.2392765649383,100.0
21.281666666666666,22.0
60.0,60.0
23.2,20.0
57.280427951021245,60.0
60.0,60.0
35.47,35.0
176.4466666666667,633.0
163.1792911339886,192.0
158.5491576945561,100.0
35.75339926739927,554.0
273.98400000000004,287.0
110.72216337828839,130.0
60.0,60.0
181.2613906327877,100.0
180.6582503676664,181.0
133.35112481962477,140.0
224.82,230.0
31.973571428571425,15.0
27.1,20.0
147.39897215383516,70.0
44.32,15.0
133.74573081742403,301.0
485.65,484.0
1343.0,1343.0
172.98216138042352,170.0
134.81619869006983,230.0
100.0,100.0
145.3893854600571,110.0
111.10257016308769,75.0
114.72144110546321,241.0
29.628214285714286,75.0
108.34,100.0
99.21555405029449,207.0
60.0,60.0
89.4,90.0
165.0,165.0
20.0,20.0
46.765,50.0
156.47786903907473,75.0
77.1827380952381,56.0
73.62,75.0
60.0,60.0
127.61529761904761,223.0
236.75,240.0
48.86974603174603,6.0
41.58875,40.0
488.625,612.0
146.85719351259334,282.0
424.71899999999994,516.0
57.26466666666667,75.0
22.19,20.0
59.46,60.0
108.02533333333332,112.0
22.39547619047619,20.0
163.9127512872548,170.0
44.039602453102454,172.0
21.275,20.0
280.91,263.0
109.17872061740047,160.0
573.565,633.0
47.435500000000005,41.0
113.61356016648101,367.0
170.0,170.0
59.99,60.0
60.3,60.0
167.343917027417,1.0
169.8379248848865,282.0
28.1325,20.0
506.1625,512.0
60.0,60.0
282.1806819242849,654.0
109.17872061740047,21.0
461.0158333333334,457.0
347.3483928571429,488.0
139.19008384695724,60.0
22.0,20.0
24.49,22.0
181.2613906327877,372.0
552.125,601.0
175.759571319002,230.0
72.56380952380952,45.0
380.3856666666667,114.0
69.19603174603176,194.0
163.23583333333332,232.0
124.43610129438841,113.0
175.2624166651807,230.0
450.0,450.0
120.39,119.0
142.13587474146925,372.0
96.64526454101453,62.0
178.91520117949466,100.0
30.0,30.0
113.0537539266266,21.0
11.92,30.0
157.35382469339933,100.0
54.6,65.0
87.84986580086579,235.0
41.82,40.0
75.0,75.0
75.10683333333334,205.0
167.7671680249146,66.0
187.20925551960673,90.0
78.46,65.0
17.593333333333337,40.0
120.76,75.0
44.95,45.0
123.05171428571428,40.0
181.7701571962348,230.0
60.0,60.0
99.68875,100.0
60.0,60.0
183.78907831281384,50.0
115.34298631923635,100.0
251.0,230.0
223.38597619047613,431.0
139.1863209564703,100.0
121.77968253968258,122.0
22.24,20.0
74.342,75.0
201.16876348067134,100.0
64.48766666666667,308.0
420.3849761904762,416.0
109.17872061740047,21.0
135.35735002849742,60.0
105.0,105.0
60.0,60.0
70.2,61.0
460.8583333333333,457.0
26.84583333333333,75.0
96.72274999999999,75.0
29.8,30.0
26.764603174603177,10.0
556.3291666666667,514.0
60.0,60.0
422.6706785714286,488.0
527.97,528.0
37.779999999999994,15.0
40.36500000000001,10.0
181.87847469914246,284.0
460.10883333333334,524.0
60.0,60.0
29.9,30.0
166.22496388975807,372.0
43.533833333333334,32.0
178.64786063984647,100.0
109.17872061740047,207.0
133.0741825580568,230.0
50.0,50.0
1.0,1.0
142.3682611907768,230.0
152.52133903592105,230.0
172.7278784273195,181.0
163.6244523809524,100.0
87.97229287379285,460.0
407.70475793650786,233.0
277.35400000000004,287.0
60.0,60.0
46.328510989010994,18.0
426.0390277777777,646.0
15.96,75.0
98.535373015873,62.0
174.67144040268784,181.0
469.8621904761905,379.0
89.4,90.0
169.61378927694747,130.0
136.11742797018798,197.0
50.190714285714286,28.0
406.32676190476195,404.0
28.35,30.0
183.61470015950644,230.0
140.79581196581202,100.0
60.0,60.0
68.79694011544012,42.0
103.79552920935268,173.0
60.26,60.0
101.69091227270056,75.0
60.0,60.0
496.88050000000004,532.0
309.22,20.0
60.0,60.0
60.0,60.0
31.143333333333334,20.0
600.0705,627.0
173.99394713302428,65.0
251.00177630264477,415.0
122.15649777561798,367.0
35.55607142857143,30.0
257.67,260.0
135.78790831390833,100.0
175.42383031549355,70.0
414.01099999999997,475.0
163.81791800516197,180.0
125.69066305916306,62.0
260.0,260.0
48.74392857142857,75.0
64.32176032301031,62.0
116.70312577008474,240.0
150.69300696573282,100.0
15.47,75.0
28.26,30.0
58.280357142857135,60.0
154.73,100.0
33.91,33.0
17.543166666666668,10.0
418.9041666666667,305.0
115.21994374631214,75.0
90.07036507936508,62.0
639.93,640.0
36.772166666666664,75.0
60.0,60.0
82.08142857142857,109.0
121.81995851370856,10.0
51.2625,28.0
133.35112481962477,100.0
75.0,75.0
122.47232908676283,75.0
110.3,60.0
60.95,60.0
58.27,55.0
146.91,75.0
140.15475838107423,35.0
506.625,514.0
117.7915753968254,223.0
92.32665476190476,325.0
123.74889285714285,130.0
173.13717028800238,100.0
31.708000000000002,55.0
217.675,191.0
60.0,60.0
185.99909869590024,90.0
82.13,86.0
30.0,30.0
39.65,40.0
43.80714285714285,73.0
175.42383031549355,220.0
58.94607142857143,100.0
132.19701406153146,230.0
440.7,442.0
217.675,191.0
445.2008333333334,442.0
139.3586114603752,100.0
110.62521223221225,410.0
60.0,60.0
427.7230595238096,340.0
104.95,105.0
169.61378927694747,100.0
25.49,20.0
211.75833333333335,211.0
176.11225954567584,192.0
38.74666666666666,75.0
60.0,60.0
279.994,287.0
140.05920634920636,140.0
20.368492063492067,10.0
183.61470015950644,100.0
139.22849567099564,100.0
40.05,40.0
29.55,30.0
113.0537539266266,75.0
445.8420714285715,514.0
104.6,105.0
167.87234523809525,519.0
155.45890823275187,170.0
1.0,1.0
100.0,100.0
103.1,106.0
75.0,75.0
119.66775613275612,75.0
53.39101190476191,130.0
63.74576725905673,75.0
165.08182090279593,100.0
196.7732857142857,16.0
60.74,60.0
22.25666666666667,20.0
75.0,75.0
60.35,60.0
181.0951936839223,100.0
32.19844155844156,55.0
60.0,60.0
531.66,529.0
164.7524894241895,100.0
67.5250261127761,60.0
180.82641337754956,230.0
112.16234526102276,160.0
335.08,324.0
42.4,40.0
438.3856666666667,379.0
116.65,100.0
111.10257016308769,75.0
100.80347619047619,115.0
19.85,20.0
175.9825,191.0
148.56041092241094,75.0
114.13489774114774,130.0
217.24,230.0
60.0,60.0
49.723333333333336,122.0
148.99869119769122,23.0
145.37625396825396,23.0
179.12348289335034,170.0
60.435,20.0
171.83227242596692,284.0
197.46054761904765,282.0
60.0,60.0
21.459285714285716,20.0
25.17,19.0
382.68333333333334,407.0
421.95,425.0
368.53,370.0
181.87847469914246,65.0
60.0,60.0
22.07,20.0
13.33,2.0
150.0518847389499,170.0
60.0,60.0
113.11133333333333,112.0
67.92583333333333,28.0
58.3,60.0
133.50009887334886,130.0
96.64526454101453,235.0
352.77289285714295,115.0
1.0,1.0
175.42383031549355,65.0
277.35400000000004,263.0
151.64385869497045,167.0
45.2365,50.0
170.6375150798133,284.0
119.31468650793651,230.0
158.0303697936051,60.0
157.27,169.0
179.12348289335034,65.0
113.0537539266266,166.0
182.95485249523855,220.0
152.33919155844154,100.0
60.0,60.0
152.7,155.0
165.57524980164283,282.0
395.94129076479084,519.0
84.97,109.0
60.0,60.0
86.45,90.0
178.0287354501928,170.0
54.54302777777778,211.0
60.0,60.0
195.56,234.0
157.35382469339933,53.0
27.041666666666675,22.0
184.5521372929788,220.0
135.35,135.0
43.17142857142857,15.0
517.888,532.0
22.26,20.0
50.42313095238095,30.0
175.759571319002,170.0
42.13,1.0
47.0,47.0
138.25830467941068,167.0
81.8,75.0
150.0,150.0
183.35594262148936,230.0
21.46,20.0
57.48211399711399,61.0
98.88,100.0
443.35,429.0
60.0,60.0
106.40976190476192,75.0
146.5644804362304,75.0
185.99909869590024,50.0
161.26,165.0
497.43661904761893,432.0
138.37343980922608,53.0
175.759571319002,130.0
72.17,73.0
464.49840873015876,488.0
179.12348289335034,170.0
211.55,234.0
60.0,60.0
104.82,100.0
145.0,145.0
136.03432440682946,241.0
145.40831155364242,70.0
45.925,75.0
60.0,60.0
26.28309523809524,10.0
74.74,75.0
50.05,50.0
60.0,60.0
178.0287354501928,70.0
75.325,75.0
92.15615584415583,140.0
131.07511145690506,100.0
7.24,1.0
125.4378988788989,85.0
128.69604516266332,301.0
75.0,75.0
64.97490842490842,60.0
35.83,30.0
34.839055555555554,20.0
108.18620291422853,75.0
147.20639221975145,180.0
113.0537539266266,75.0
101.33433333333332,1.0
178.00116042839144,100.0
60.0,60.0
75.0,75.0
135.78790831390833,10.0
105.97052267189923,63.0
181.01525639109775,50.0
142.63397408576975,20.0
61.23,60.0
59.04,60.0
134.81619869006983,113.0
139.4375491452992,14.0
103.42166666666667,60.0
60.0,60.0
170.6036511767578,372.0
79.49,75.0
58.08666666666667,60.0
75.75,75.0
12.63,12.0
154.96438046237387,35.0
27.45,20.0
35.87714285714286,15.0
400.40853571428573,399.0
124.62633730158728,208.0
60.6,60.0
75.25,75.0
386.3633333333333,366.0
252.17714285714285,223.0
141.74092439962897,230.0
516.7591288433789,611.0
41.4852619047619,75.0
30.640476190476193,10.0
459.47333333333336,457.0
66.7525,92.0
303.3366666666667,293.0
453.99263888888873,340.0
127.61529761904761,130.0
31.05785714285714,15.0
50.16577688394019,23.0
45.78142857142857,15.0
60.15,60.0
155.0,155.0
185.99909869590024,90.0
528.33,539.0
60.0,60.0
7.32,1.0
391.3794285714286,467.0
111.10257016308769,160.0
136.13247665157343,53.0
130.20949623919475,100.0
47.038500000000006,50.0
19.99563492063492,40.0
60.65,60.0
384.92,386.0
174.79767600043837,192.0
60.0,60.0
60.0,60.0
152.2235878525414,192.0
84.21,75.0
45.66665579302191,73.0
60.0,60.0
140.15475838107423,301.0
30.2725,30.0
403.57333333333327,387.0
60.0,60.0
190.39,191.0
177.36344637783208,90.0
64.23100000000001,35.0
106.61276190476192,235.0
40.0,40.0
53.06263236763236,1.0
144.72686507936504,100.0
56.22893939393939,130.0
135.35735002849742,35.0
159.62065486311073,66.0
77.99833333333333,60.0
114.86,115.0
145.40831155364242,301.0
359.11031349206365,646.0
173.0128452999959,100.0
85.14247619047617,88.0
172.5799126984127,1.0
149.48863636363637,100.0
60.0,60.0
30.6,30.0
60.0,60.0
1.0,1.0
44.59,15.0
12.0,12.0
12.0,12.0
135.24309848484847,140.0
413.9148928571429,362.0
65.17116161616161,62.0
63.031666666666666,23.0
117.91164551413857,25.0
437.8833333333334,562.0
149.5911788881054,192.0
85.0,85.0
181.01525639109775,170.0
136.42480760374593,230.0
192.28471031512785,181.0
21.190285714285714,22.0
109.17872061740047,75.0
163.1792911339886,282.0
156.47786903907473,1.0
35.05,22.0
106.34028391053391,100.0
183.38328597968356,100.0
88.45232142857145,140.0
180.82641337754956,230.0
178.53,191.0
171.83227242596692,230.0
53.06263236763236,1.0
89.9,90.0
1.0,1.0
498.13754761904755,451.0
88.7,80.0
177.93813670351793,192.0
19.045714285714286,15.0
60.0,60.0
167.7671680249146,167.0
76.59835881753314,75.0
33.62,15.0
102.00663059163057,410.0
60.0,60.0
81.76,73.0
60.0,60.0
60.15,60.0
163.44333333333333,165.0
75.0,75.0
25.86285714285714,10.0
109.17872061740047,75.0
105.08950431322636,75.0
135.53888169326038,180.0
47.3,60.0
60.0,60.0
94.55,21.0
75.0,75.0
156.38268961267187,282.0
35.847142857142856,15.0
251.66895848595857,114.0
58.280357142857135,60.0
60.0,60.0
101.69091227270056,75.0
53.846500000000006,75.0
13.43,12.0
262.31,267.0
98.81,100.0
101.501,100.0
527.48,527.0
109.17872061740047,25.0
60.0,60.0
57.43666666666667,37.0
233.33824825174824,121.0
594.4766666666667,613.0
170.668208778582,282.0
23.36833333333333,20.0
78.435,1.0
20.3,20.0
69.43886707736706,42.0
174.67144040268784,90.0
82.45,80.0
602.7624999999999,1.0
105.97052267189923,75.0
189.2658502886003,16.0
173.0128452999959,100.0
60.0,60.0
36.483333333333334,73.0
230.20666666666665,301.0
391.94405411255406,453.0
139.097995281638,197.0
60.33488636363636,60.0
84.48366666666666,75.0
60.0,60.0
60.0,60.0
103.82,105.0
118.82509906759906,66.0
146.5644804362304,100.0
147.83509570254375,197.0
146.60657142857144,145.0
69.04130555555557,61.0
304.69864519955297,114.0
67.99270346320345,20.0
140.05920634920636,100.0
13.957619047619048,30.0
155.46473586720484,230.0
137.87866666666667,23.0
385.1925,404.0
116.08883982683982,118.0
589.1632142857143,526.0
186.0,186.0
39.89714285714286,15.0
461.4625,457.0
655.0,655.0
19.989285714285714,30.0
60.0,60.0
154.96438046237387,230.0
134.2079512987013,207.0
478.8281666666665,379.0
175.5126411366411,16.0
49.04571428571428,50.0
171.8329271244293,284.0
107.15037884337885,173.0
109.17872061740047,21.0
113.61356016648101,75.0
139.1863209564703,241.0
47.3425,50.0
155.53998077512958,35.0
103.79552920935268,100.0
132.3911904761905,350.0
120.79840818903314,223.0
178.0287354501928,230.0
104.9071671866298,75.0
135.4322298812299,66.0
192.28471031512785,65.0
458.6375,432.0
101.69091227270056,160.0
391.3065238095238,404.0
126.21559812409814,66.0
158.5491576945561,208.0
51.37580952380952,32.0
152.2794551524159,100.0
263.3941666666667,329.0
450.0,450.0
60.0,60.0
362.8183809523809,582.0
60.0,60.0
12.0,12.0
170.83575066334978,100.0
189.97,240.0
149.4402115485994,1.0
63.1,60.0
71.48234404484406,61.0
164.49466666666666,69.0
146.85719351259334,372.0
30.3,30.0
77.51,75.0
104.7821388888889,100.0
156.47786903907473,1.0
118.75601190476189,100.0
259.9654523809524,75.0
253.953,230.0
110.31,17.0
87.05266666666667,75.0
155.46473586720484,130.0
496.84,539.0
105.43345238095236,18.0
143.705,510.0
145.3893854600571,100.0
24.773333333333333,10.0
196.085,173.0
182.95485249523855,181.0
130.6273203365692,301.0
45.26,45.0
149.70779761904762,170.0
60.0,60.0
75.0,75.0
103.13,105.0
21.688333333333336,20.0
202.42118403818415,431.0
40.0,40.0
60.0,60.0
368.18,370.0
123.64587423687425,10.0
45.79333333333333,15.0
59.5175,60.0
166.13666666666666,163.0
60.0,60.0
74.3,75.0
161.36,165.0
60.0,60.0
130.922252527787,75.0
60.0,60.0
59.8,60.0
141.01090634498803,100.0
154.43241774140594,66.0
45.88714285714286,43.0
62.23,60.0
22.28,20.0
113.0537539266266,25.0
223.08,240.0
20.4,20.0
50.1,50.0
23.115714285714283,15.0
44.190186390761845,1.0
60.0,60.0
63.08,60.0
144.28776730725411,230.0
108.61478418803419,155.0
110.64196661130403,75.0
112.16234526102276,75.0
74.08,75.0
141.4598015873016,66.0
60.0,60.0
112.99141913710646,75.0
172.04318674574475,170.0
60.0,60.0
84.98730437089822,75.0
30.55,30.0
118.71535714285716,15.0
75.0,75.0
141.01090634498803,66.0
97.98374603174604,62.0
588.9375,526.0
99.49142857142857,75.0
156.37,145.0
175.4024431962946,282.0
135.62448935786438,66.0
242.07,260.0
60.0,60.0
120.62657142857148,230.0
458.14916666666664,462.0
66.67,80.0
67.58045238095238,81.0
19.99,19.0
75.0,75.0
457.8116666666667,462.0
177.8407435340905,130.0
60.0,60.0
183.61470015950644,100.0
102.5,105.0
115.82300782550783,100.0
170.83575066334978,372.0
60.0,60.0
174.67144040268784,70.0
164.7524894241895,282.0
141.74092439962897,167.0
87.5,61.0
108.18775419896954,25.0
122.71970824428408,100.0
219.59400000000002,315.0
43.83,30.0
135.24309848484847,10.0
40.15,40.0
79.89750000000001,103.0
59.4,60.0
104.9,105.0
60.0,60.0
60.0,60.0
43.9,15.0
175.4024431962946,181.0
243.05,245.0
64.04635714285715,65.0
12.0,12.0
55.40996825396825,75.0
164.7524894241895,130.0
40.0,40.0
23.82,20.0
75.0,75.0
23.2,20.0
365.47,370.0
30.3,30.0
152.9784091864018,167.0
25.854579365079367,20.0
12.0,12.0
154.44056145278012,35.0
147.3340651594218,113.0
105.20312554112553,226.0
135.66483333333332,1.0
190.6674021872864,169.0
555.4610714285715,601.0
67.58045238095238,65.0
60.0,60.0
606.88,613.0
90.0,90.0
109.17872061740047,75.0
22.05892857142857,30.0
186.61933400036457,170.0
173.9275,138.0
89.462,171.0
142.3682611907768,35.0
161.9,242.0
457.18,462.0
87.16579365079366,83.0
537.2375,601.0
188.03,191.0
77.1225,75.0
29.628214285714286,20.0
141.15877889422237,75.0
6.38,1.0
35.55607142857143,10.0
60.0,60.0
177.89960785632394,230.0
60.0,60.0
9.27,7.0
60.0,60.0
72.93,47.0
106.61276190476192,10.0
122.15649777561798,75.0
37.6,30.0
175.759571319002,230.0
94.70392171717172,140.0
111.10257016308769,21.0
153.7291918434549,110.0
135.62448935786438,10.0
157.2392765649383,100.0
60.0,60.0
505.1983333333334,524.0
26.145,75.0
166.36519841269842,90.0
17.08,75.0
60.0,60.0
155.0,155.0
151.7649308335433,100.0
248.74055266955267,114.0
73.3575,15.0
476.36478571428563,451.0
458.0916666666667,462.0
183.61470015950644,170.0
56.84,56.0
107.89727546986282,75.0
75.0,75.0
185.69850000000002,328.0
106.34028391053391,130.0
43.65,43.0
142.45742467924487,230.0
22.42,20.0
78.91146825396827,45.0
99.21555405029449,207.0
87.05266666666667,75.0
60.75,60.0
47.14,49.0
74.27766666666668,28.0
232.03,230.0
28.27,27.0
119.31468650793651,120.0
428.86,520.0
533.2997976190477,634.0
116.87148809523809,281.0
22.555,22.0
97.08088095238095,78.0
34.780238095238104,10.0
172.7278784273195,90.0
107.88971428571429,112.0
183.23012829124812,100.0
215.8299735449735,90.0
4.8,47.0
43.80714285714285,23.0
386.02573809523824,410.0
104.19,105.0
174.79767600043837,100.0
85.6,80.0
167.87234523809525,646.0
11.866666666666665,30.0
152.9784091864018,113.0
113.0537539266266,63.0
227.09,249.0
106.83514266847708,75.0
53.486000000000004,30.0
139.19008384695724,197.0
114.26107142857146,230.0
156.98,173.0
141.540356920857,120.0
95.50969696969696,25.0
124.19,120.0
93.13941397491394,235.0
53.575500000000005,28.0
140.06508047034663,100.0
126.2756141636142,10.0
279.6809217587968,114.0
31.34,30.0
135.53888169326038,66.0
167.87234523809525,488.0
312.11,214.0
60.0,60.0
60.0,60.0
58.5,60.0
167.343917027417,75.0
56.59866666666666,0.0
163.68645492423178,240.0
108.5824036796537,62.0
501.18,512.0
123.78503571428571,66.0
181.0517607863842,282.0
107.65,108.0
500.85555555555555,532.0
30.412857142857142,27.0
177.12299832834,50.0
415.6433333333334,336.0
402.64235714285707,399.0
127.6440151713686,230.0
58.71017604617603,31.0
60.48666666666667,40.0
495.63,532.0
145.0,145.0
13.957619047619048,40.0
407.04272327672317,519.0
60.0,60.0
36.40271428571428,55.0
12.0,12.0
59.86,60.0
43.515,50.0
136.42480760374593,100.0
60.0,60.0
60.0,60.0
60.0,60.0
170.668208778582,100.0
60.0,60.0
34.18,30.0
38.12,3.0
444.29,429.0
155.0,155.0
243.31108008658003,59.0
190.52,191.0
75.0,75.0
483.01,544.0
60.0,60.0
102.76907112332114,66.0
14.741,5.0
130.91908566433568,100.0
223.89559379509382,71.0
26.473333333333336,27.0
34.54904761904761,15.0
109.72715043290042,66.0
66.49416666666667,100.0
99.21555405029449,21.0
71.44,65.0
103.5,105.0
142.3015,552.0
170.668208778582,170.0
251.24333333333337,230.0
385.1966666666667,386.0
65.29936321573163,60.0
202.42118403818415,431.0
26.835476190476193,10.0
445.02,442.0
179.6833425957315,70.0
230.0,230.0
26.55821428571429,10.0
